student_id,total_errors,error_rate,avg_attempts,max_attempts,avg_rt,rt_std,avg_error_consistency,correction_rate,fast_guess_rate,slow_attempt_rate,improvement_trend,plateaus,struggle_index,immediate_correction,consecutive_errors,first_try_success,time_efficiency,give_up_rate,true_error_type,cluster,inferred_taxonomy
1,9,0.45,1.45,2,36.83061042147093,8.297026929384609,0.2,1.0,0.0,0.0,-0.049999999999999996,3,0.5340438511113285,1.0,9,0.55,2.540042098032478,0.0,3,0,Procedural Errors
2,8,0.4,1.4,2,36.78166275781604,14.220124206597694,0.2,1.0,0.0,0.0,-0.12500000000000003,1,0.5149432786094246,1.0,11,0.6,2.627261625558289,0.0,3,0,Procedural Errors
3,9,0.45,1.45,2,35.19865543765856,10.539436814999284,0.2,1.0,0.0,0.0,-0.07499999999999996,1,0.510380503846049,1.0,9,0.55,2.427493478459211,0.0,3,0,Procedural Errors
4,9,0.45,1.45,2,36.186133176837004,11.392816062667414,0.2,1.0,0.0,0.05,0.12500000000000003,2,0.5246989310641365,1.0,10,0.55,2.4955953915060003,0.0,3,0,Procedural Errors
5,10,0.5,1.7,3,38.07506395340285,20.561220520229572,0.48634098117572744,1.0,0.0,0.2,-1.2067383328930179e-17,4,0.6472760872078485,0.6,10,0.5,2.2397096443178146,0.0,2,3,Partial Understanding
6,7,0.35,1.35,2,35.85442533651201,11.638138342412429,0.19999999999999998,1.0,0.0,0.05,-0.025000000000000012,2,0.48403474204291214,1.0,7,0.65,2.655883358260149,0.0,3,0,Procedural Errors
7,4,0.2,1.2,2,28.826460486118854,11.532491964669193,0.1,1.0,0.0,0.0,0.04999999999999998,3,0.3459175258334263,1.0,11,0.8,2.4022050405099047,0.0,4,1,Careless Mistakes
8,13,0.65,2.15,4,41.35498364164369,17.4195100891556,0.8411584310350775,1.0,0.0,0.15,-0.04999999999999994,1,0.8891321482953393,0.46153846153846156,12,0.35,1.9234876112392414,0.0,0,4,Misconception Errors
9,5,0.25,1.25,2,33.91701282842105,11.65287037403063,0.2,1.0,0.0,0.05,-0.04999999999999998,1,0.4239626603552631,1.0,11,0.75,2.713361026273684,0.0,3,1,Careless Mistakes
10,13,0.65,2.5,4,34.656760582277656,14.666582832948178,0.826719490271353,1.0,0.0,0.05,0.10000000000000003,1,0.8664190145569414,0.07692307692307693,11,0.35,1.3862704232911063,0.0,0,4,Misconception Errors
11,10,0.5,1.75,3,36.50556677433616,20.046189394651435,0.474509576284252,1.0,0.0,0.1,-1.2067383328930179e-17,4,0.6388474185508828,0.5,10,0.5,2.0860323871049236,0.0,2,3,Partial Understanding
12,10,0.5,1.85,3,43.84074748588943,16.43168233570092,0.5105039408484014,1.0,0.0,0.25,-1.2067383328930179e-17,4,0.8110538284889545,0.3,10,0.5,2.3697701343724016,0.0,2,3,Partial Understanding
13,15,0.75,3.65,5,7.9279050719388895,2.7292999681776484,0.1793953939742536,1.0,0.65,0.0,-0.04999999999999998,0,0.28936853512576943,0.0,10,0.1,0.21720287868325724,0.0,1,2,Guessing Behavior
14,3,0.15,1.15,2,28.76599800029287,9.25465357617595,0.10000000000000002,1.0,0.0,0.0,0.025000000000000078,0,0.330808977003368,1.0,13,0.85,2.5013911304602496,0.0,4,1,Careless Mistakes
15,10,0.5,1.75,3,43.12840522634064,22.37167053353351,0.5104774790916765,1.0,0.0,0.2,-1.2067383328930179e-17,4,0.7547470914609612,0.5,10,0.5,2.4644802986480365,0.0,2,3,Partial Understanding
16,0,0.0,1.0,1,28.914186943840598,10.775846863891912,0.0,1.0,0.0,0.0,-2.4134766657860358e-17,4,0.289141869438406,1.0,19,1.0,2.89141869438406,0.0,4,1,Careless Mistakes
17,14,0.7,2.4,4,37.624088577601796,19.812011205853835,0.8409261922476597,1.0,0.05,0.15,0.07500000000000001,2,0.9029781258624431,0.2857142857142857,14,0.3,1.5676703574000748,0.0,0,4,Misconception Errors
18,3,0.15,1.15,2,28.57096601098877,9.61935593267525,0.10000000000000002,1.0,0.0,0.0,3.8972025164387834e-17,0,0.3285661091263708,1.0,13,0.85,2.484431827042502,0.0,4,1,Careless Mistakes
19,10,0.5,1.75,3,41.16279141765448,15.640784961782908,0.5096408571039385,1.0,0.0,0.15,-1.2067383328930179e-17,4,0.7203488498089534,0.5,10,0.5,2.352159509580256,0.0,2,3,Partial Understanding
20,9,0.45,1.45,2,37.888005272858734,14.34037687608084,0.2,1.0,0.0,0.05,0.024999999999999977,2,0.5493760764564517,1.0,9,0.55,2.6129658808868093,0.0,3,0,Procedural Errors
21,9,0.45,1.45,2,35.26789673411487,11.668764580433228,0.2,1.0,0.0,0.0,-0.049999999999999996,3,0.5113845026446656,1.0,6,0.55,2.432268740283784,0.0,3,0,Procedural Errors
22,15,0.75,1.75,2,44.82391524879806,12.81990017593776,0.20000000000000007,1.0,0.0,0.15,0.025,2,0.784418516853966,1.0,12,0.25,2.561366585645603,0.0,3,0,Procedural Errors
23,6,0.3,1.3,2,37.575325513735336,11.932949745941752,0.19999999999999998,1.0,0.0,0.05,-0.15000000000000008,1,0.4884792316785594,1.0,11,0.7,2.8904096549027183,0.0,3,0,Procedural Errors
24,14,0.7,3.4,5,8.30179175130939,2.817535372024612,0.15495589468750312,1.0,0.75,0.0,-0.07500000000000005,0,0.28226091954451926,0.0,11,0.1,0.24417034562674675,0.0,1,2,Guessing Behavior
25,19,0.95,3.65,5,9.44501368206213,2.743180080055492,0.14357685999887024,1.0,0.6,0.0,-0.05,3,0.34474299939526776,0.0,17,0.0,0.2587674981386885,0.0,1,2,Guessing Behavior
26,5,0.25,1.25,2,27.43490183136572,12.189610058185707,0.1,1.0,0.0,0.0,-0.04999999999999992,0,0.3429362728920715,1.0,13,0.75,2.1947921465092577,0.0,4,1,Careless Mistakes
27,16,0.8,2.5,4,35.02839789451049,13.208209832543458,0.8764568083490097,1.0,0.05,0.05,-0.10000000000000005,1,0.8757099473627622,0.4375,11,0.2,1.4011359157804195,0.0,0,4,Misconception Errors
28,12,0.6,2.2,4,39.001637852216334,11.551309909629614,0.8653266778367712,1.0,0.0,0.0,-2.5137848441736506e-17,2,0.8580360327487594,0.4166666666666667,8,0.4,1.772801720555288,0.0,0,4,Misconception Errors
29,10,0.5,1.85,3,37.65500870176151,15.341930170796726,0.4879069861086336,1.0,0.0,0.05,-1.2067383328930179e-17,4,0.6966176609825879,0.3,10,0.5,2.0354058757708926,0.0,2,3,Partial Understanding
30,12,0.6,1.6,2,38.552573929672846,9.513783985324688,0.20000000000000004,1.0,0.0,0.0,0.07499999999999997,1,0.6168411828747655,1.0,10,0.4,2.409535870604553,0.0,3,0,Procedural Errors
31,14,0.7,3.3,5,7.746785774630759,1.9732206787516369,0.09816343439303489,1.0,0.85,0.0,-0.1750000000000001,1,0.25564393056281504,0.0,12,0.05,0.23475108407971995,0.0,1,2,Guessing Behavior
32,13,0.65,3.2,5,8.677345812718304,2.0870281311970955,0.168642495286433,1.0,0.65,0.0,1.743992849845362e-18,0,0.27767506600698577,0.0,7,0.1,0.271167056647447,0.0,1,2,Guessing Behavior
33,9,0.45,1.45,2,37.487408392313405,12.982589181364157,0.2,1.0,0.0,0.05,4.467136245631716e-17,0,0.5435674216885444,1.0,9,0.55,2.5853385098147177,0.0,3,0,Procedural Errors
34,1,0.05,1.05,2,29.91882871752522,8.822315879998335,0.1,1.0,0.0,0.0,0.04999999999999994,3,0.31414770153401483,1.0,17,0.95,2.8494122588119257,0.0,4,1,Careless Mistakes
35,6,0.3,1.3,2,27.974560237941308,9.33565711421525,0.09999999999999999,1.0,0.0,0.0,2.7227595936055527e-17,2,0.36366928309323704,1.0,7,0.7,2.151889249072408,0.0,4,0,Procedural Errors
36,10,0.5,1.8,3,41.87443053779335,16.988266374086027,0.519134723055908,1.0,0.0,0.25,-1.2067383328930179e-17,4,0.7537397496802803,0.4,10,0.5,2.3263572520996307,0.0,2,3,Partial Understanding
37,12,0.6,1.6,2,37.85250495587227,14.458594917795219,0.20000000000000004,1.0,0.0,0.0,-0.0750000000000001,0,0.6056400792939564,1.0,15,0.4,2.365781559742017,0.0,3,0,Procedural Errors
38,13,0.65,1.65,2,38.76884699639824,12.319949130600731,0.20000000000000004,1.0,0.0,0.0,0.10000000000000003,2,0.6396859754405709,1.0,10,0.35,2.3496270906908023,0.0,3,0,Procedural Errors
39,3,0.15,1.15,2,30.05591242470852,10.496835760961794,0.10000000000000002,1.0,0.0,0.0,-0.05000000000000008,1,0.34564299288414796,1.0,13,0.85,2.613557602148567,0.0,4,1,Careless Mistakes
40,6,0.3,1.3,2,28.073222022990347,8.96488737662989,0.09999999999999999,1.0,0.0,0.0,-0.10000000000000006,1,0.36495188629887454,1.0,8,0.7,2.1594786171531037,0.0,4,0,Procedural Errors
41,13,0.65,3.15,5,8.152868412804642,2.5823663408343798,0.11761918951357321,1.0,0.6,0.0,-0.14999999999999988,0,0.25681535500334624,0.0,10,0.15,0.2588212194541156,0.0,1,2,Guessing Behavior
42,13,0.65,3.2,5,8.290578827562552,3.1622108536983977,0.2076490769087003,1.0,0.6,0.0,-2.071137346532879e-17,0,0.2652985224820017,0.0,12,0.15,0.25908058836132974,0.0,1,2,Guessing Behavior
43,4,0.2,1.2,2,27.148875442557348,11.061200597761044,0.1,1.0,0.0,0.0,-1.1565842436992107e-17,2,0.32578650531068815,1.0,11,0.8,2.262406286879779,0.0,4,1,Careless Mistakes
44,1,0.05,1.05,2,29.877152039384725,9.874665165631898,0.1,1.0,0.0,0.0,5.315562476102818e-18,2,0.31371009641353964,1.0,17,0.95,2.845443051369974,0.0,4,1,Careless Mistakes
45,6,0.3,1.3,2,29.976790940774475,7.717489372740798,0.09999999999999999,1.0,0.0,0.0,-0.02499999999999995,0,0.3896982822300682,1.0,8,0.7,2.3059069954441904,0.0,4,0,Procedural Errors
46,13,0.65,1.65,2,40.547630285633105,14.49638350945365,0.20000000000000004,1.0,0.0,0.1,-0.10000000000000006,2,0.6690358997129462,1.0,11,0.35,2.4574321385232185,0.0,3,0,Procedural Errors
47,13,0.65,3.15,5,8.914120466045006,3.9606651800834114,0.1542748857509152,1.0,0.55,0.0,0.17500000000000004,1,0.2807947946804177,0.0,10,0.1,0.28298795130301607,0.0,1,2,Guessing Behavior
48,16,0.8,2.7,4,36.08877878552631,16.08901589497906,0.8292318703408681,1.0,0.05,0.1,1.5821344653397098e-17,0,0.9743970272092103,0.375,11,0.2,1.3366214365009743,0.0,0,4,Misconception Errors
49,6,0.3,1.3,2,26.863740391681922,9.039767265681224,0.09999999999999999,1.0,0.0,0.0,0.075,0,0.34922862509186503,1.0,11,0.7,2.066441568590917,0.0,4,1,Careless Mistakes
50,10,0.5,1.65,3,47.81586526179325,21.708403168029236,0.49253583457372485,1.0,0.0,0.3,-1.2067383328930179e-17,4,0.7889617768195886,0.7,10,0.5,2.8979312279874696,0.0,2,3,Partial Understanding
51,17,0.85,3.6,5,8.973051150662771,2.8182460860415297,0.1632182229136392,1.0,0.7,0.0,0.02499999999999999,1,0.3230298414238597,0.0,13,0.1,0.24925142085174365,0.0,1,2,Guessing Behavior
52,16,0.8,2.45,4,32.25435461835899,10.817624614158476,0.866590916620736,1.0,0.0,0.0,0.07500000000000002,1,0.7902316881497953,0.375,15,0.2,1.3165042701371015,0.0,0,4,Misconception Errors
53,12,0.6,3.05,5,8.021540797797343,2.944739049780741,0.1632767649876383,1.0,0.65,0.0,-0.025,2,0.24465699433281896,0.0,5,0.15,0.2630013376326998,0.0,1,2,Guessing Behavior
54,2,0.1,1.1,2,28.490372968151036,7.977513199450781,0.1,1.0,0.0,0.0,-0.024999999999999977,2,0.3133941026496614,1.0,15,0.9,2.590033906195549,0.0,4,1,Careless Mistakes
55,7,0.35,1.35,2,34.135136080802155,14.815914074486429,0.19999999999999998,1.0,0.0,0.05,0.05000000000000004,1,0.46082433709082915,1.0,8,0.65,2.5285285985779375,0.0,3,0,Procedural Errors
56,11,0.55,2.05,4,38.4054331448873,12.472870167518629,0.8673408043687569,1.0,0.0,0.05,-5.822056791718577e-17,2,0.7873113794701895,0.36363636363636365,13,0.45,1.873435763165234,0.0,0,4,Misconception Errors
57,4,0.2,1.2,2,25.443585792830575,9.86833447687714,0.1,1.0,0.0,0.0,0.024999999999999994,2,0.3053230295139669,1.0,11,0.8,2.1202988160692144,0.0,4,1,Careless Mistakes
58,10,0.5,1.7,3,39.281288679839705,22.8301953578839,0.4983172845402293,1.0,0.05,0.15,-1.2067383328930179e-17,4,0.667781907557275,0.6,10,0.5,2.310664039990571,0.0,2,3,Partial Understanding
59,13,0.65,3.3,5,7.393889232089897,3.2101237085390504,0.1300346788155874,1.0,0.6,0.0,-0.10000000000000002,0,0.2439983446589666,0.0,9,0.2,0.22405724945726962,0.0,1,2,Guessing Behavior
60,14,0.7,3.25,5,8.180254386150914,2.8752389358126607,0.13747182028315244,1.0,0.6,0.0,0.075,1,0.2658582675499047,0.0,11,0.2,0.25170013495848964,0.0,1,2,Guessing Behavior
61,15,0.75,3.45,5,7.529559087104137,3.066442406984999,0.14693527822737007,1.0,0.65,0.0,0.025000000000000012,1,0.25976978850509275,0.0,9,0.15,0.21824808948127933,0.0,1,2,Guessing Behavior
62,14,0.7,2.4,4,35.9713699338145,14.176835156404664,0.8535457484543665,1.0,0.0,0.05,0.024999999999999994,1,0.863312878411548,0.35714285714285715,9,0.3,1.4988070805756042,0.0,0,4,Misconception Errors
63,12,0.6,1.6,2,37.84889002409531,11.855200694963328,0.20000000000000004,1.0,0.0,0.0,2.982649413605115e-17,0,0.605582240385525,1.0,7,0.4,2.365555626505957,0.0,3,0,Procedural Errors
64,10,0.5,1.5,2,37.378157640754914,13.460641563899832,0.2,1.0,0.0,0.05,0.05000000000000001,1,0.5606723646113236,1.0,9,0.5,2.4918771760503278,0.0,3,0,Procedural Errors
65,10,0.5,1.55,3,38.47693380731095,14.274955894874436,0.4585686678751263,1.0,0.0,0.1,-1.2067383328930179e-17,4,0.5963924740133197,0.9,10,0.5,2.482382826278126,0.0,2,3,Partial Understanding
66,14,0.7,2.2,4,37.09889901869422,17.962763232663452,0.8340830299861672,1.0,0.0,0.15,-0.04999999999999996,1,0.8161757784112729,0.5714285714285714,12,0.3,1.6863135917588281,0.0,0,4,Misconception Errors
67,10,0.5,1.85,3,43.63056605498474,20.554978581165667,0.5151527802140159,1.0,0.0,0.25,-1.2067383328930179e-17,4,0.8071654720172177,0.3,10,0.5,2.358408975945121,0.0,2,3,Partial Understanding
68,14,0.7,2.3,4,39.47570627550839,19.330813393942876,0.8433412410058987,1.0,0.05,0.1,-0.1,1,0.9079412443366928,0.42857142857142855,10,0.3,1.7163350554568864,0.0,0,4,Misconception Errors
69,13,0.65,2.95,5,8.27035197966894,2.7755571350795227,0.1870005174122509,1.0,0.5,0.0,-0.07500000000000005,0,0.24397538340023373,0.0,9,0.2,0.2803509145650488,0.0,1,2,Guessing Behavior
70,15,0.75,3.25,5,7.440528976355987,2.8357517307848252,0.1349855533330024,1.0,0.75,0.0,-0.04999999999999998,1,0.24181719173156957,0.0,9,0.1,0.22893935311864574,0.0,1,2,Guessing Behavior
71,13,0.65,1.65,2,41.07712694075109,13.664333565144204,0.20000000000000004,1.0,0.0,0.15,-0.05000000000000002,1,0.677772594522393,1.0,9,0.35,2.4895228448940054,0.0,3,0,Procedural Errors
72,12,0.6,3.0,5,8.057131327802947,3.1208276291299026,0.1259266738504887,1.0,0.6,0.0,-0.10000000000000009,0,0.2417139398340884,0.0,11,0.1,0.26857104426009826,0.0,1,2,Guessing Behavior
73,4,0.2,1.2,2,26.224728907576655,7.439551339474972,0.1,1.0,0.0,0.0,-5.364964253124713e-18,0,0.31469674689091987,1.0,11,0.8,2.185394075631388,0.0,4,1,Careless Mistakes
74,5,0.25,1.25,2,25.483116941428854,10.736682223896077,0.1,1.0,0.0,0.0,0.12500000000000003,1,0.3185389617678607,1.0,13,0.75,2.038649355314308,0.0,4,1,Careless Mistakes
75,14,0.7,2.45,4,34.96265431827685,13.045236428157374,0.850131154512795,1.0,0.0,0.0,0.049999999999999996,0,0.8565850307977828,0.35714285714285715,12,0.3,1.4270471150317081,0.0,0,4,Misconception Errors
76,11,0.55,1.55,2,40.42100767026378,15.750206670596269,0.2,1.0,0.0,0.15,0.04999999999999999,0,0.6265256188890886,1.0,11,0.45,2.607806946468631,0.0,3,0,Procedural Errors
77,4,0.2,1.2,2,25.201830226987646,10.119862614159853,0.1,1.0,0.0,0.0,0.024999999999999994,2,0.30242196272385174,1.0,13,0.8,2.100152518915637,0.0,4,1,Careless Mistakes
78,18,0.9,3.5,5,8.296967929286343,2.776184657474454,0.15246684412250555,1.0,0.75,0.0,0.05000000000000002,2,0.290393877525022,0.0,17,0.1,0.23705622655103836,0.0,1,2,Guessing Behavior
79,3,0.15,1.15,2,28.32695423184839,9.101825402347572,0.10000000000000002,1.0,0.0,0.0,0.10000000000000003,1,0.3257599736662564,1.0,15,0.85,2.463213411465077,0.0,4,1,Careless Mistakes
80,12,0.6,2.05,4,41.97274892701685,12.045679531570414,0.8288799869500815,1.0,0.0,0.05,-0.07500000000000004,0,0.8604413530038454,0.5,11,0.4,2.0474511671715536,0.0,0,4,Misconception Errors
81,8,0.4,1.4,2,31.853165913148285,13.315866910921462,0.2,1.0,0.0,0.0,0.12500000000000006,1,0.445944322784076,1.0,13,0.6,2.275226136653449,0.0,3,1,Careless Mistakes
82,10,0.5,1.75,3,39.87505803077329,18.48429751290696,0.46645961092506855,1.0,0.0,0.15,-1.2067383328930179e-17,4,0.6978135155385325,0.5,10,0.5,2.2785747446156166,0.0,2,3,Partial Understanding
83,10,0.5,1.7,3,42.423836827986904,24.473745960052522,0.5103961987949286,1.0,0.0,0.35,-1.2067383328930179e-17,4,0.7212052260757774,0.6,10,0.5,2.4955198134109944,0.0,2,3,Partial Understanding
84,13,0.65,3.2,5,7.362024576477315,2.568570167200595,0.1403880496906466,1.0,0.75,0.0,-0.025000000000000015,2,0.2355847864472741,0.0,9,0.15,0.23006326801491608,0.0,1,2,Guessing Behavior
85,10,0.5,1.7,3,38.00881515207157,16.33253406552497,0.48881108089389347,1.0,0.0,0.15,-1.2067383328930179e-17,4,0.6461498575852167,0.6,10,0.5,2.23581265600421,0.0,2,3,Partial Understanding
86,10,0.5,1.7,3,34.40573312428855,20.493388135965603,0.4767549175383844,1.0,0.1,0.15,-1.2067383328930179e-17,4,0.5848974631129054,0.6,10,0.5,2.0238666543699146,0.0,2,3,Partial Understanding
87,10,0.5,1.65,3,39.75790827917195,14.28805001949769,0.5136489414023637,1.0,0.0,0.15,-1.2067383328930179e-17,4,0.6560054866063372,0.7,10,0.5,2.409570198737694,0.0,2,3,Partial Understanding
88,10,0.5,1.8,3,33.236216159679444,16.5335019466788,0.4975644495379126,1.0,0.05,0.1,-1.2067383328930179e-17,4,0.59825189087423,0.4,10,0.5,1.8464564533155245,0.0,2,3,Partial Understanding
89,13,0.65,1.65,2,35.74581749032639,11.367582784393434,0.20000000000000004,1.0,0.0,0.0,0.07500000000000002,3,0.5898059885903854,1.0,9,0.35,2.1664131812319023,0.0,3,0,Procedural Errors
90,5,0.25,1.25,2,30.772455505941203,10.443961004649697,0.1,1.0,0.0,0.0,-5.953522219599074e-17,4,0.384655693824265,1.0,11,0.75,2.4617964404752963,0.0,4,1,Careless Mistakes
91,13,0.65,1.65,2,38.81736494911407,12.268498123319754,0.20000000000000004,1.0,0.0,0.0,-0.10000000000000002,1,0.6404865216603821,1.0,12,0.35,2.35256757267358,0.0,3,0,Procedural Errors
92,10,0.5,1.75,3,44.673197403771475,21.48669015759936,0.4954143401246471,1.0,0.0,0.25,-1.2067383328930179e-17,4,0.7817809545660007,0.5,10,0.5,2.55275413735837,0.0,2,3,Partial Understanding
93,11,0.55,2.05,4,36.373946430412964,10.062382913622288,0.8533105668294646,1.0,0.0,0.05,0.225,1,0.7456659018234657,0.36363636363636365,12,0.45,1.774338850264047,0.0,0,4,Misconception Errors
94,16,0.8,3.5,5,7.922450053985611,2.318827799095274,0.17311084800595417,1.0,0.75,0.0,-0.024999999999999988,2,0.2772857518894964,0.0,11,0.1,0.2263557158281603,0.0,1,2,Guessing Behavior
95,14,0.7,2.6,4,37.57683511483286,14.82650811651561,0.8420194549841954,1.0,0.05,0.05,-0.04999999999999996,1,0.9769977129856544,0.2857142857142857,14,0.3,1.4452628890320331,0.0,0,4,Misconception Errors
96,13,0.65,2.8,5,8.795696362720632,3.5099194624114998,0.13167055235460953,1.0,0.6,0.0,-0.025000000000000005,0,0.24627949815617767,0.0,9,0.1,0.31413201295430826,0.0,1,2,Guessing Behavior
97,7,0.35,1.35,2,26.125113693289734,11.486742975232685,0.09999999999999999,1.0,0.0,0.0,-0.12500000000000006,2,0.35268903485941144,1.0,9,0.65,1.9351936069103506,0.0,4,0,Procedural Errors
98,15,0.75,3.3,5,7.390304865870535,3.3573724512979846,0.1499091248816913,1.0,0.65,0.0,-6.0336916644650896e-18,4,0.24388006057372763,0.0,11,0.05,0.2239486322991071,0.0,1,2,Guessing Behavior
99,4,0.2,1.2,2,27.236458645205044,9.941419685757715,0.1,1.0,0.0,0.0,-0.024999999999999994,0,0.3268375037424605,1.0,13,0.8,2.26970488710042,0.0,4,1,Careless Mistakes
100,8,0.4,1.4,2,31.685429418251022,14.20799666776288,0.2,1.0,0.0,0.0,0.15000000000000005,0,0.4435960118555143,1.0,8,0.6,2.2632449584465015,0.0,3,0,Procedural Errors
101,5,0.25,1.25,2,26.5012104833055,11.129445279748392,0.1,1.0,0.0,0.0,-0.12500000000000006,1,0.3312651310413187,1.0,11,0.75,2.12009683866444,0.0,4,1,Careless Mistakes
102,10,0.5,1.75,3,40.743432964212005,17.65311147464106,0.5219409760161403,1.0,0.0,0.15,-1.2067383328930179e-17,4,0.7130100768737101,0.5,10,0.5,2.3281961693835433,0.0,2,3,Partial Understanding
103,10,0.5,1.75,3,41.56064775539024,21.15607820935565,0.5527168679175759,1.0,0.0,0.2,-1.2067383328930179e-17,4,0.7273113357193293,0.5,10,0.5,2.374894157450871,0.0,2,3,Partial Understanding
104,9,0.45,1.45,2,36.37823552248254,10.664597344752327,0.2,1.0,0.0,0.0,-0.025000000000000022,2,0.5274844150759967,1.0,8,0.55,2.508843829136727,0.0,3,0,Procedural Errors
105,12,0.6,2.15,4,34.93408418485008,19.823157672932112,0.8710887611909423,1.0,0.1,0.05,0.024999999999999994,1,0.7510828099742767,0.25,6,0.4,1.6248411248767478,0.0,0,4,Misconception Errors
106,1,0.05,1.05,2,26.219867099926926,10.631841203935725,0.1,1.0,0.0,0.0,0.025000000000000015,2,0.2753086045492327,1.0,17,0.95,2.4971301999930406,0.0,4,1,Careless Mistakes
107,13,0.65,2.1,4,37.10656261427299,14.83410411818384,0.8405022205502246,1.0,0.0,0.1,-0.175,1,0.7792378148997328,0.5384615384615384,10,0.35,1.7669791721082375,0.0,0,4,Misconception Errors
108,10,0.5,2.5,5,8.211441802425119,3.3416290068964405,0.2078047776452702,1.0,0.55,0.0,-0.050000000000000044,1,0.20528604506062798,0.0,10,0.25,0.32845767209700477,0.0,1,2,Guessing Behavior
109,16,0.8,2.55,4,41.07363106524664,9.85048381738572,0.8363321437957478,1.0,0.0,0.0,0.07500000000000002,2,1.0473775921637891,0.375,11,0.2,1.610730630009672,0.0,0,4,Misconception Errors
110,15,0.75,2.6,4,36.599247394912425,13.406912305341129,0.8815922256030765,1.0,0.0,0.1,0.125,1,0.951580432267723,0.26666666666666666,14,0.25,1.4076633613427856,0.0,0,4,Misconception Errors
111,10,0.5,1.85,3,38.414191018038494,25.260339399351178,0.4795014850799716,1.0,0.1,0.15,-1.2067383328930179e-17,4,0.7106625338337121,0.3,10,0.5,2.0764427577318103,0.0,2,3,Partial Understanding
112,12,0.6,2.7,5,8.46258264630966,3.155785891743224,0.11623355477875646,1.0,0.55,0.0,0.05000000000000002,1,0.22848973145036083,0.0,8,0.25,0.31342898690035775,0.0,1,2,Guessing Behavior
113,4,0.2,1.2,2,28.82802898533162,9.04493226395812,0.1,1.0,0.0,0.0,0.04999999999999999,0,0.3459363478239794,1.0,14,0.8,2.402335748777635,0.0,4,1,Careless Mistakes
114,13,0.65,3.3,5,9.029525960114364,2.22388266714577,0.1384928552507484,1.0,0.7,0.0,0.15000000000000002,1,0.297974356683774,0.0,10,0.15,0.27362199879134436,0.0,1,2,Guessing Behavior
115,4,0.2,1.2,2,28.856406823018897,9.438173866814438,0.1,1.0,0.0,0.0,-0.075,1,0.34627688187622674,1.0,13,0.8,2.404700568584908,0.0,4,1,Careless Mistakes
116,3,0.15,1.15,2,24.336691932456556,9.685291859470741,0.10000000000000002,1.0,0.05,0.0,0.10000000000000003,2,0.27987195722325037,1.0,16,0.85,2.116234081083179,0.0,4,1,Careless Mistakes
117,17,0.85,3.65,5,9.059908813328548,3.106656022758519,0.13316801723983487,1.0,0.6,0.0,0.049999999999999996,1,0.330686671686492,0.0,14,0.0,0.24821667981722048,0.0,1,2,Guessing Behavior
118,5,0.25,1.25,2,24.589239300665444,10.32108949849856,0.1,1.0,0.0,0.0,0.07500000000000004,1,0.307365491258318,1.0,11,0.75,1.9671391440532355,0.0,4,1,Careless Mistakes
119,10,0.5,1.5,2,34.27164110059473,13.107395237767902,0.2,1.0,0.0,0.0,-1.2067383328930179e-17,4,0.5140746165089208,1.0,8,0.5,2.284776073372982,0.0,3,0,Procedural Errors
120,15,0.75,2.5,4,35.44712528396754,13.39703089326224,0.8571679412369174,1.0,0.0,0.05,-2.4104374966514886e-17,1,0.8861781320991884,0.4,11,0.25,1.4178850113587016,0.0,0,4,Misconception Errors
121,10,0.5,1.5,2,38.134336255424174,13.160797390762054,0.2,1.0,0.0,0.05,0.07500000000000001,1,0.5720150438313626,1.0,9,0.5,2.542289083694945,0.0,3,0,Procedural Errors
122,10,0.5,1.85,3,41.1588843807399,17.489057930749926,0.5160531846108213,1.0,0.0,0.15,-1.2067383328930179e-17,4,0.7614393610436881,0.3,10,0.5,2.2248045611210756,0.0,2,3,Partial Understanding
123,5,0.25,1.25,2,25.687503895639168,10.088214982010028,0.1,1.0,0.0,0.0,0.02499999999999996,1,0.3210937986954896,1.0,9,0.75,2.0550003116511335,0.0,4,1,Careless Mistakes
124,10,0.5,1.95,4,37.85027407009666,13.308394863160977,0.8176152867683312,1.0,0.0,0.1,0.175,2,0.7380803443668849,0.4,10,0.5,1.9410396959023928,0.0,0,4,Misconception Errors
125,16,0.8,3.55,5,6.501590196415239,2.7051644597786444,0.13916337727779993,1.0,0.85,0.0,0.1,0,0.23080645197274097,0.0,12,0.05,0.18314338581451378,0.0,1,2,Guessing Behavior
126,13,0.65,2.15,4,35.59263130470228,13.700708733456258,0.83433764580164,1.0,0.05,0.0,0.049999999999999954,2,0.765241573051099,0.46153846153846156,12,0.35,1.6554712234745246,0.0,0,4,Misconception Errors
127,10,0.5,1.75,3,35.628238346383824,22.43262845383464,0.511900081204161,1.0,0.2,0.15,-1.2067383328930179e-17,4,0.6234941710617169,0.5,10,0.5,2.0358993340790756,0.0,2,3,Partial Understanding
128,20,1.0,3.2,4,38.95597572365554,12.472334459347422,0.8353007895645994,1.0,0.0,0.1,0.0,4,1.2465912231569773,0.25,19,0.0,1.2173742413642357,0.0,0,4,Misconception Errors
129,10,0.5,1.5,2,38.70997008490449,15.376370749604426,0.2,1.0,0.0,0.15,0.1,0,0.5806495512735674,1.0,11,0.5,2.580664672326966,0.0,3,0,Procedural Errors
130,10,0.5,1.65,3,39.645540223541026,21.49063100060097,0.5189917217310912,1.0,0.0,0.15,-1.2067383328930179e-17,4,0.6541514136884268,0.7,10,0.5,2.4027600135479408,0.0,2,3,Partial Understanding
131,14,0.7,1.7,2,39.98169346475892,12.023687627263785,0.20000000000000004,1.0,0.0,0.05,-0.07500000000000002,0,0.6796887889009017,1.0,12,0.3,2.3518643214564072,0.0,3,0,Procedural Errors
132,14,0.7,3.25,5,8.066088272638975,3.053920523623527,0.17413345355522766,1.0,0.6,0.0,-0.050000000000000024,1,0.2621478688607667,0.0,13,0.1,0.24818733146581462,0.0,1,2,Guessing Behavior
133,12,0.6,2.45,4,33.457285467661436,17.367412086940075,0.8152498170033717,1.0,0.1,0.05,-0.125,0,0.8197034939577053,0.08333333333333333,13,0.4,1.365603488475977,0.0,0,4,Misconception Errors
134,10,0.5,1.8,3,35.0260903888995,18.90395820628095,0.5129242242881461,1.0,0.1,0.05,-1.2067383328930179e-17,4,0.6304696270001909,0.4,10,0.5,1.9458939104944166,0.0,2,3,Partial Understanding
135,14,0.7,2.3,4,29.88314340565638,13.1176971870867,0.8622457292538047,1.0,0.0,0.05,-0.0500000000000001,0,0.6873122983300967,0.35714285714285715,11,0.3,1.2992671045937556,0.0,0,4,Misconception Errors
136,10,0.5,1.75,3,41.50260275088251,22.06754467337091,0.5068681009201235,1.0,0.0,0.25,-1.2067383328930179e-17,4,0.726295548140444,0.5,10,0.5,2.371577300050429,0.0,2,3,Partial Understanding
137,9,0.45,1.45,2,35.37748807468516,12.81996358322313,0.2,1.0,0.0,0.05,-6.4402483578985386e-18,0,0.5129735770829348,1.0,10,0.55,2.43982676377139,0.0,3,0,Procedural Errors
138,13,0.65,3.05,5,8.508626641060792,2.5802889194188654,0.16463528591122906,1.0,0.45,0.0,0.07500000000000002,3,0.25951311255235415,0.0,9,0.15,0.27897136528068167,0.0,1,2,Guessing Behavior
139,13,0.65,3.15,5,7.760314444910975,3.231191791906174,0.1565650240502377,1.0,0.7,0.0,-0.07500000000000005,3,0.24444990501469568,0.0,7,0.05,0.24635918872733253,0.0,1,2,Guessing Behavior
140,16,0.8,2.5,4,35.028081157081274,13.43972753010639,0.8608165602385408,1.0,0.0,0.0,-0.15000000000000002,3,0.8757020289270318,0.4375,14,0.2,1.401123246283251,0.0,0,4,Misconception Errors
141,2,0.1,1.1,2,30.322629270071037,12.377116575087287,0.1,1.0,0.0,0.0,0.10000000000000005,3,0.33354892197078145,1.0,18,0.9,2.756602660915549,0.0,4,1,Careless Mistakes
142,10,0.5,1.75,3,42.263492280577054,18.105265993388972,0.4622600615939871,1.0,0.0,0.15,-1.2067383328930179e-17,4,0.7396111149100985,0.5,10,0.5,2.41505670174726,0.0,2,3,Partial Understanding
143,16,0.8,2.75,4,32.34240938083475,12.842035862226634,0.8629469765527837,1.0,0.0,0.05,0.10000000000000002,1,0.8894162579729558,0.25,13,0.2,1.1760876138485366,0.0,0,4,Misconception Errors
144,13,0.65,1.65,2,40.09815669190556,14.18237808659073,0.20000000000000004,1.0,0.0,0.05,0.04999999999999999,1,0.6616195854164417,1.0,8,0.35,2.430191314660943,0.0,3,0,Procedural Errors
145,10,0.5,1.9,3,44.94161312378175,23.701557428603497,0.49582887486269156,1.0,0.0,0.2,-1.2067383328930179e-17,4,0.8538906493518532,0.2,10,0.5,2.3653480591464078,0.0,2,3,Partial Understanding
146,5,0.25,1.25,2,23.81880978358038,9.703766584008433,0.1,1.0,0.0,0.0,-7.450546640610684e-17,0,0.29773512229475474,1.0,14,0.75,1.9055047826864304,0.0,4,1,Careless Mistakes
147,16,0.8,3.5,5,8.247811277530488,3.5403645849484446,0.14388776466411554,1.0,0.7,0.0,0.07500000000000002,0,0.28867339471356707,0.0,13,0.15,0.23565175078658537,0.0,1,2,Guessing Behavior
148,16,0.8,2.8,4,34.95747254387141,10.042431996561348,0.8515519014008056,1.0,0.0,0.05,-1.41191437668351e-17,0,0.9788092312283995,0.1875,11,0.2,1.2484811622811218,0.0,0,4,Misconception Errors
149,8,0.4,1.4,2,37.37625897857869,10.144762584218986,0.2,1.0,0.0,0.0,0.10000000000000002,2,0.5232676257001017,1.0,8,0.6,2.669732784184192,0.0,3,0,Procedural Errors
150,13,0.65,3.1,5,8.861557124545026,3.097276330068423,0.11765849603932388,1.0,0.5,0.0,0.024999999999999998,1,0.27470827086089583,0.0,10,0.15,0.2858566814369363,0.0,1,2,Guessing Behavior
151,16,0.8,3.8,5,8.576997298359425,2.074162333530905,0.18341423997353912,1.0,0.75,0.0,-0.07500000000000004,2,0.32592589733765814,0.0,11,0.1,0.22571045521998487,0.0,1,2,Guessing Behavior
152,11,0.55,1.55,2,35.70756443182138,11.307538752754374,0.2,1.0,0.0,0.0,6.0450919364029825e-18,0,0.5534672486932315,1.0,11,0.45,2.303713834311057,0.0,3,0,Procedural Errors
153,10,0.5,1.65,3,39.754518636610136,19.52612505450891,0.5240327419433249,1.0,0.0,0.15,-1.2067383328930179e-17,4,0.6559495575040672,0.7,10,0.5,2.40936476585516,0.0,2,3,Partial Understanding
154,10,0.5,1.7,3,45.328926633950005,16.785006548206788,0.5136672214088003,1.0,0.0,0.3,-1.2067383328930179e-17,4,0.77059175277715,0.6,10,0.5,2.6664074490558827,0.0,2,3,Partial Understanding
155,14,0.7,3.2,5,7.711873842004628,3.332237824508985,0.15002549531914963,1.0,0.75,0.0,0.025000000000000012,1,0.2467799629441481,0.0,10,0.1,0.24099605756264464,0.0,1,2,Guessing Behavior
156,14,0.7,2.35,4,36.88602018601883,15.100414101538814,0.8698897292526286,1.0,0.0,0.05,-0.07499999999999997,0,0.8668214743714426,0.21428571428571427,10,0.3,1.5696178802561205,0.0,0,4,Misconception Errors
157,10,0.5,1.7,3,42.783180901321224,14.72823417628669,0.4890930541247033,1.0,0.0,0.15,-1.2067383328930179e-17,4,0.7273140753224608,0.6,10,0.5,2.516657700077719,0.0,2,3,Partial Understanding
158,10,0.5,1.75,3,36.977758157345825,16.741314753667087,0.507650698413531,1.0,0.0,0.1,-1.2067383328930179e-17,4,0.6471107677535519,0.5,10,0.5,2.1130147518483327,0.0,2,3,Partial Understanding
159,4,0.2,1.2,2,25.86444339126815,9.762597520917803,0.1,1.0,0.0,0.0,0.024999999999999994,2,0.3103733206952178,1.0,12,0.8,2.1553702826056793,0.0,4,1,Careless Mistakes
160,9,0.45,1.45,2,43.36236628996218,11.38251772685189,0.2,1.0,0.0,0.15,4.467136245631716e-17,2,0.6287543112044517,1.0,10,0.55,2.990508019997392,0.0,3,0,Procedural Errors
161,12,0.6,1.6,2,33.70108372287496,12.759218325367462,0.20000000000000004,1.0,0.05,0.0,1.6672445096678095e-17,0,0.5392173395659995,1.0,7,0.4,2.106317732679685,0.0,3,0,Procedural Errors
162,10,0.5,1.65,3,42.78503383648336,19.269818746684653,0.4985366336896412,1.0,0.0,0.15,-1.2067383328930179e-17,4,0.7059530583019753,0.7,10,0.5,2.5930323537262643,0.0,2,3,Partial Understanding
163,10,0.5,1.7,3,38.55133265894434,14.628598104532434,0.5005712217271778,1.0,0.0,0.15,-1.2067383328930179e-17,4,0.6553726552020538,0.6,10,0.5,2.2677254505261377,0.0,2,3,Partial Understanding
164,13,0.65,3.3,5,8.577303069037699,4.0913675375188845,0.147855519925299,1.0,0.5,0.0,-0.025000000000000015,2,0.283051001278244,0.0,5,0.25,0.2599182748193242,0.0,1,2,Guessing Behavior
165,10,0.5,1.8,3,40.389369613475516,19.843134992151445,0.4827761375731397,1.0,0.0,0.1,-1.2067383328930179e-17,4,0.7270086530425592,0.4,10,0.5,2.2438538674153063,0.0,2,3,Partial Understanding
166,4,0.2,1.2,2,28.55653443520514,9.013430001207999,0.1,1.0,0.0,0.0,-0.125,2,0.3426784132224617,1.0,15,0.8,2.3797112029337617,0.0,4,1,Careless Mistakes
167,9,0.45,1.7,4,35.02344894178455,12.746940258190167,0.8722255514987703,1.0,0.0,0.1,-0.12499999999999996,1,0.5953986320103373,0.6666666666666666,12,0.55,2.060202878928503,0.0,0,4,Misconception Errors
168,12,0.6,2.65,5,7.738149575229459,2.8986855170341674,0.16330225829140646,1.0,0.5,0.0,0.20000000000000004,1,0.20506096374358065,0.0,14,0.25,0.29200564434828147,0.0,1,2,Guessing Behavior
169,10,0.5,1.75,3,40.468406760376794,19.471974593318272,0.48861752727843283,1.0,0.0,0.15,-1.2067383328930179e-17,4,0.7081971183065938,0.5,10,0.5,2.312480386307245,0.0,2,3,Partial Understanding
170,4,0.2,1.2,2,31.904644214419733,10.001991118093747,0.1,1.0,0.0,0.0,0.15,3,0.3828557305730368,1.0,15,0.8,2.6587203512016444,0.0,4,1,Careless Mistakes
171,15,0.75,3.05,5,7.0243724993195285,3.2520391862574076,0.11835459136011416,1.0,0.7,0.0,-0.07500000000000001,1,0.21424336122924562,0.0,12,0.15,0.23030729505965666,0.0,1,2,Guessing Behavior
172,14,0.7,2.45,4,37.71546408289412,15.40025441589915,0.8524009320160809,1.0,0.05,0.05,0.049999999999999996,0,0.9240288700309062,0.21428571428571427,11,0.3,1.5394066972609846,0.0,0,4,Misconception Errors
173,14,0.7,3.15,5,9.111619964679235,3.7960142974462006,0.12748359073346238,1.0,0.55,0.0,3.482671232529463e-17,0,0.2870160288873959,0.0,9,0.15,0.28925777665648367,0.0,1,2,Guessing Behavior
174,9,0.45,1.45,2,36.44465515448469,13.820372255520848,0.2,1.0,0.0,0.0,-0.025,1,0.528447499740028,1.0,12,0.55,2.5134244934127374,0.0,3,0,Procedural Errors
175,10,0.5,1.65,3,42.51774978847111,20.47140080931395,0.4782301397761784,1.0,0.0,0.25,-1.2067383328930179e-17,4,0.7015428715097732,0.7,10,0.5,2.5768333205134004,0.0,2,3,Partial Understanding
176,10,0.5,1.65,3,41.33578603311595,21.140492453724256,0.4807988072498012,1.0,0.05,0.2,-1.2067383328930179e-17,4,0.6820404695464132,0.7,10,0.5,2.5051991535221787,0.0,2,3,Partial Understanding
177,10,0.5,2.3,4,31.066316369680543,12.30155029424975,0.8826249576589202,1.0,0.0,0.0,-0.12500000000000003,1,0.7145252765026524,0.1,12,0.5,1.3507094073774149,0.0,0,4,Misconception Errors
178,10,0.5,1.7,3,35.62240515162332,17.888840132842276,0.5158594535395062,1.0,0.0,0.15,-1.2067383328930179e-17,4,0.6055808875775964,0.6,10,0.5,2.095435597154313,0.0,2,3,Partial Understanding
179,4,0.2,1.2,2,24.944587454886136,8.430866434434368,0.1,1.0,0.0,0.0,0.024999999999999994,2,0.2993350494586336,1.0,11,0.8,2.0787156212405113,0.0,4,1,Careless Mistakes
180,2,0.1,1.1,2,28.04621854536751,11.11055939504495,0.1,1.0,0.0,0.0,0.024999999999999956,1,0.30850840399904267,1.0,15,0.9,2.549656231397046,0.0,4,1,Careless Mistakes
181,10,0.5,1.9,3,39.73378214623732,23.018561468594886,0.5062770312561663,1.0,0.0,0.15,-1.2067383328930179e-17,4,0.754941860778509,0.2,10,0.5,2.0912516919072273,0.0,2,3,Partial Understanding
182,10,0.5,1.9,3,36.35802970243169,21.201892356457954,0.49705458859229534,1.0,0.05,0.1,-1.2067383328930179e-17,4,0.6908025643462021,0.2,10,0.5,1.9135805106542996,0.0,2,3,Partial Understanding
183,9,0.45,1.45,2,38.4040610580808,13.576949763035168,0.2,1.0,0.0,0.05,-0.025000000000000022,2,0.5568588853421715,1.0,9,0.55,2.648555935040055,0.0,3,0,Procedural Errors
184,10,0.5,1.6,3,38.55106671411134,17.55930470056437,0.48049535825253525,1.0,0.0,0.15,-1.2067383328930179e-17,4,0.6168170674257815,0.8,10,0.5,2.409441669631959,0.0,2,3,Partial Understanding
185,15,0.75,3.35,5,7.610091050297292,2.4956913253462605,0.09219245786620851,1.0,0.85,0.0,-6.0336916644650896e-18,4,0.2549380501849593,0.0,10,0.0,0.22716689702379977,0.0,1,2,Guessing Behavior
186,10,0.5,1.8,3,41.93062215787632,18.598218581484534,0.48996397704562505,1.0,0.0,0.25,-1.2067383328930179e-17,4,0.7547511988417738,0.4,10,0.5,2.3294790087709067,0.0,2,3,Partial Understanding
187,18,0.9,3.75,5,7.5699996070721935,3.3424652845964964,0.1558205054968983,1.0,0.6,0.0,-7.05957188341755e-18,0,0.28387498526520727,0.0,15,0.1,0.20186665618859181,0.0,1,2,Guessing Behavior
188,16,0.8,2.4,4,40.00728553061562,15.29236828805187,0.8403435324019557,1.0,0.0,0.1,-0.024999999999999988,2,0.9601748527347748,0.4375,12,0.2,1.6669702304423175,0.0,0,4,Misconception Errors
189,6,0.3,1.3,2,27.086667101977532,9.873471282219054,0.09999999999999999,1.0,0.05,0.0,0.1,0,0.35212667232570793,1.0,10,0.7,2.0835897770751948,0.0,4,1,Careless Mistakes
190,10,0.5,1.85,3,43.34358108640993,19.67529776062111,0.513251981972402,1.0,0.0,0.2,-1.2067383328930179e-17,4,0.8018562500985837,0.3,10,0.5,2.342896274941077,0.0,2,3,Partial Understanding
191,10,0.5,1.7,3,42.831539699473204,19.28823005530048,0.5162661205784536,1.0,0.0,0.2,-1.2067383328930179e-17,4,0.7281361748910444,0.6,10,0.5,2.51950233526313,0.0,2,3,Partial Understanding
192,15,0.75,2.5,4,35.742754614647076,12.466244289854735,0.8950402814346343,1.0,0.0,0.0,-0.2,2,0.893568865366177,0.3333333333333333,14,0.25,1.429710184585883,0.0,0,4,Misconception Errors
193,13,0.65,2.3,4,33.979534966448966,14.327851763189356,0.8538153374823975,1.0,0.05,0.05,-0.05000000000000002,1,0.7815293042283261,0.38461538461538464,13,0.35,1.477371085497781,0.0,0,4,Misconception Errors
194,10,0.5,1.8,3,39.03080472749806,21.40973315617598,0.5233281481759692,1.0,0.05,0.25,-1.2067383328930179e-17,4,0.702554485094965,0.4,10,0.5,2.1683780404165587,0.0,2,3,Partial Understanding
195,13,0.65,1.65,2,41.71159940175859,13.984780854262947,0.20000000000000004,1.0,0.0,0.1,-0.225,2,0.6882413901290166,1.0,14,0.35,2.5279757213187026,0.0,3,0,Procedural Errors
196,12,0.6,1.6,2,39.60469920853903,10.99594526336269,0.20000000000000004,1.0,0.0,0.05,-0.04999999999999996,2,0.6336751873366245,1.0,8,0.4,2.4752937005336895,0.0,3,0,Procedural Errors
197,10,0.5,1.95,3,43.18504891312362,18.234209680686746,0.506072938881136,1.0,0.0,0.15,-1.2067383328930179e-17,4,0.8421084538059107,0.1,10,0.5,2.2146178929806988,0.0,2,3,Partial Understanding
198,18,0.9,3.75,5,8.240595338874929,3.291228585593512,0.1615247929914852,1.0,0.55,0.0,-0.07500000000000001,3,0.30902232520780987,0.0,16,0.1,0.21974920903666478,0.0,1,2,Guessing Behavior
199,8,0.4,1.4,2,35.778903335056555,12.436181260539898,0.2,1.0,0.0,0.0,0.05000000000000005,2,0.5009046466907917,1.0,10,0.6,2.5556359525040397,0.0,3,0,Procedural Errors
200,10,0.5,1.6,3,39.411308887522935,22.441130948019772,0.5191684994363194,1.0,0.0,0.15,-1.2067383328930179e-17,4,0.630580942200367,0.8,10,0.5,2.4632068054701834,0.0,2,3,Partial Understanding
201,10,0.5,1.55,3,44.7775972624835,16.413451917510084,0.51409702643231,1.0,0.0,0.1,-1.2067383328930179e-17,4,0.6940527575684944,0.9,10,0.5,2.8888772427408713,0.0,2,3,Partial Understanding
202,10,0.5,1.75,3,43.229067038133884,13.230266102532347,0.5081062088748463,1.0,0.0,0.15,-1.2067383328930179e-17,4,0.7565086731673429,0.5,10,0.5,2.470232402179079,0.0,2,3,Partial Understanding
203,16,0.8,3.55,5,8.352095465815271,2.3542985857659633,0.13251228967463194,1.0,0.65,0.0,-2.3154485417859998e-17,0,0.29649938903644213,0.0,13,0.1,0.23527029481169778,0.0,1,2,Guessing Behavior
204,14,0.7,3.15,5,7.146206378008823,2.600875035002928,0.14810006554512503,1.0,0.65,0.0,-0.024999999999999998,1,0.2251055009072779,0.0,9,0.3,0.22686369453996263,0.0,1,2,Guessing Behavior
205,14,0.7,2.9,5,7.928979007171371,3.0918823181191617,0.1296489306335167,1.0,0.65,0.0,-0.15000000000000002,2,0.22994039120796977,0.0,12,0.15,0.2734130692128059,0.0,1,2,Guessing Behavior
206,14,0.7,3.5,5,8.825050367027513,3.6320859131516054,0.18854058189492537,1.0,0.55,0.0,-0.075,2,0.30887676284596294,0.0,11,0.1,0.2521442962007861,0.0,1,2,Guessing Behavior
207,5,0.25,1.25,2,24.956919794428085,10.145843027279456,0.1,1.0,0.05,0.0,-0.024999999999999998,2,0.31196149743035106,1.0,13,0.75,1.9965535835542467,0.0,4,1,Careless Mistakes
208,12,0.6,1.6,2,39.02076593088568,12.160476953171594,0.20000000000000004,1.0,0.0,0.05,-0.07500000000000002,1,0.6243322548941709,1.0,11,0.4,2.438797870680355,0.0,3,0,Procedural Errors
209,16,0.8,2.6,4,37.45317571452538,15.96721319260516,0.8888994509972002,1.0,0.0,0.1,-0.1,0,0.9737825685776599,0.3125,13,0.2,1.440506758250976,0.0,0,4,Misconception Errors
210,4,0.2,1.2,2,29.460642688130502,11.405274282891979,0.1,1.0,0.0,0.0,0.10000000000000003,0,0.35352771225756596,1.0,13,0.8,2.4550535573442085,0.0,4,1,Careless Mistakes
211,10,0.5,1.75,3,36.000431361940024,17.157645049863163,0.5135139908050844,1.0,0.05,0.05,-1.2067383328930179e-17,4,0.6300075488339504,0.5,10,0.5,2.057167506396573,0.0,2,3,Partial Understanding
212,6,0.3,1.3,2,28.292169737853623,10.0319377270625,0.09999999999999999,1.0,0.0,0.0,-0.04999999999999995,0,0.3677982065920971,1.0,11,0.7,2.1763207490656633,0.0,4,1,Careless Mistakes
213,14,0.7,2.45,4,34.928466489621414,16.006158000218253,0.848888667434138,1.0,0.0,0.1,-1.227636181161585e-17,2,0.8557474289957248,0.2857142857142857,10,0.3,1.4256516934539352,0.0,0,4,Misconception Errors
214,4,0.2,1.2,2,25.540432099438686,8.41174107042665,0.1,1.0,0.0,0.0,0.07500000000000001,0,0.30648518519326423,1.0,13,0.8,2.1283693416198903,0.0,4,1,Careless Mistakes
215,15,0.75,2.5,4,35.987094154987574,15.78829910183436,0.863040917030363,1.0,0.05,0.1,-0.07500000000000001,1,0.8996773538746894,0.4,11,0.25,1.439483766199503,0.0,0,4,Misconception Errors
216,4,0.2,1.2,2,27.484171271132936,6.729765132764434,0.1,1.0,0.0,0.0,0.07500000000000004,2,0.3298100552535952,1.0,11,0.8,2.2903476059277446,0.0,4,1,Careless Mistakes
217,3,0.15,1.15,2,29.169351218015105,9.72502637198905,0.10000000000000002,1.0,0.0,0.0,-0.05000000000000008,1,0.33544753900717367,1.0,13,0.85,2.5364653233056615,0.0,4,1,Careless Mistakes
218,13,0.65,2.35,4,31.056970360490958,12.049805182774401,0.8917411594965091,1.0,0.05,0.0,0.075,1,0.7298388034715376,0.3076923076923077,8,0.35,1.3215732068294024,0.0,0,4,Misconception Errors
219,4,0.2,1.2,2,30.50792763813895,11.636935343294258,0.1,1.0,0.0,0.0,-0.05,3,0.3660951316576673,1.0,11,0.8,2.542327303178246,0.0,4,1,Careless Mistakes
220,8,0.4,1.4,2,23.45248080639347,9.554162305477051,0.1,1.0,0.0,0.0,0.12500000000000003,2,0.3283347312895086,1.0,9,0.6,1.6751772004566765,0.0,4,0,Procedural Errors
221,10,0.5,1.8,3,42.161578523829164,19.128109263998184,0.4813809894795392,1.0,0.0,0.15,-1.2067383328930179e-17,4,0.758908413428925,0.4,10,0.5,2.342309917990509,0.0,2,3,Partial Understanding
222,16,0.8,3.55,5,8.056543466380507,2.900091155750415,0.14353457389215668,1.0,0.7,0.0,0.049999999999999996,3,0.28600729305650796,0.0,11,0.05,0.2269448863769157,0.0,1,2,Guessing Behavior
223,2,0.1,1.1,2,28.345166491156043,11.752322736779792,0.1,1.0,0.0,0.0,-0.024999999999999977,2,0.31179683140271647,1.0,15,0.9,2.576833317377822,0.0,4,1,Careless Mistakes
224,1,0.05,1.05,2,25.89961246404718,9.755570058236987,0.1,1.0,0.0,0.0,-0.05000000000000002,3,0.2719459308724954,1.0,17,0.95,2.4666297584806838,0.0,4,1,Careless Mistakes
225,10,0.5,1.85,3,45.150710995507644,25.450624608321185,0.4931670919010781,1.0,0.0,0.2,-1.2067383328930179e-17,4,0.8352881534168916,0.3,10,0.5,2.440578972730143,0.0,2,3,Partial Understanding
226,6,0.3,1.3,2,27.707541620791943,8.976478369335194,0.09999999999999999,1.0,0.0,0.0,0.025000000000000053,1,0.3601980410702953,1.0,10,0.7,2.131349355445534,0.0,4,1,Careless Mistakes
227,10,0.5,1.75,3,41.695447073955435,19.842038189380904,0.4965796210294854,1.0,0.0,0.15,-1.2067383328930179e-17,4,0.72967032379422,0.5,10,0.5,2.382596975654596,0.0,2,3,Partial Understanding
228,15,0.75,2.5,4,31.78423822394668,16.677892352488787,0.8369188292394877,1.0,0.15,0.05,-0.07500000000000001,1,0.7946059555986671,0.3333333333333333,9,0.25,1.2713695289578673,0.0,0,4,Misconception Errors
229,17,0.85,3.75,5,8.283873740979926,3.278940366953845,0.14578579489550747,1.0,0.6,0.0,0.025,1,0.31064526528674724,0.0,15,0.1,0.22090329975946468,0.0,1,2,Guessing Behavior
230,5,0.25,1.25,2,28.149316375292265,8.96374474141543,0.1,1.0,0.0,0.0,-0.09999999999999999,0,0.35186645469115335,1.0,12,0.75,2.2519453100233813,0.0,4,1,Careless Mistakes
231,13,0.65,3.05,5,8.543438705285388,3.7286435151053157,0.1395807556873095,1.0,0.6,0.0,0.07500000000000002,3,0.2605748805112043,0.0,9,0.15,0.2801127444355865,0.0,1,2,Guessing Behavior
232,14,0.7,2.45,4,34.68283971399837,13.47022742326171,0.8579301161368508,1.0,0.0,0.0,-0.04999999999999996,3,0.8497295729929601,0.21428571428571427,10,0.3,1.4156261107754435,0.0,0,4,Misconception Errors
233,16,0.8,2.45,4,41.09485307578418,16.92990738221315,0.8590952405856079,1.0,0.0,0.15,0.1,0,1.0068239003567125,0.375,11,0.2,1.677340941868742,0.0,0,4,Misconception Errors
234,17,0.85,2.75,4,47.49610800979538,18.128950599160902,0.871746583067497,1.0,0.0,0.3,0.025000000000000026,2,1.306142970269373,0.35294117647058826,15,0.15,1.7271312003561956,0.0,0,4,Misconception Errors
235,10,0.5,1.7,3,45.80934233821586,20.267262995918642,0.5159963009014078,1.0,0.0,0.15,-1.2067383328930179e-17,4,0.7787588197496698,0.6,10,0.5,2.6946671963656392,0.0,2,3,Partial Understanding
236,15,0.75,3.45,5,8.236474361758791,3.2684787096349712,0.17991509821790802,1.0,0.75,0.0,0.025000000000000012,1,0.2841583654806783,0.0,11,0.15,0.23873838729735627,0.0,1,2,Guessing Behavior
237,9,0.45,1.45,2,36.87699789831486,14.154792240786458,0.2,1.0,0.0,0.0,0.12500000000000003,2,0.5347164695255655,1.0,7,0.55,2.5432412343665423,0.0,3,0,Procedural Errors
238,10,0.5,1.7,3,43.6769295498393,17.910179995495287,0.5039559202833006,1.0,0.0,0.25,-1.2067383328930179e-17,4,0.742507802347268,0.6,10,0.5,2.569231149990547,0.0,2,3,Partial Understanding
239,7,0.35,1.35,2,25.650345188617514,11.910759061790653,0.09999999999999999,1.0,0.05,0.0,0.025000000000000064,2,0.3462796600463365,1.0,11,0.65,1.9000255695272232,0.0,4,1,Careless Mistakes
240,16,0.8,3.55,5,7.256575312949943,3.4822262545865965,0.1829280858805617,1.0,0.75,0.0,-0.04999999999999999,3,0.25760842360972297,0.0,11,0.1,0.20441057219577305,0.0,1,2,Guessing Behavior
241,10,0.5,1.65,3,36.85846748969573,14.71649281031471,0.4995828147115649,1.0,0.0,0.1,-1.2067383328930179e-17,4,0.6081647135799795,0.7,10,0.5,2.2338465145270137,0.0,2,3,Partial Understanding
242,14,0.7,2.55,4,37.08339907062735,14.488965276788825,0.8430126762440209,1.0,0.0,0.0,-0.1,1,0.9456266763009974,0.21428571428571427,11,0.3,1.4542509439461706,0.0,0,4,Misconception Errors
243,15,0.75,3.5,5,7.902074311255066,3.0214776202464773,0.14654144100036434,1.0,0.7,0.0,-0.07500000000000001,1,0.2765726008939273,0.0,11,0.1,0.22577355175014474,0.0,1,2,Guessing Behavior
244,17,0.85,2.85,4,31.646193062268615,13.322109160297229,0.8917840484305981,1.0,0.05,0.0,-0.025000000000000036,0,0.9019165022746556,0.17647058823529413,15,0.15,1.110392739026969,0.0,0,4,Misconception Errors
245,14,0.7,2.55,4,40.1103852166749,15.204490691428273,0.8994848237265458,1.0,0.0,0.15,0.07500000000000002,0,1.0228148230252099,0.2857142857142857,10,0.3,1.5729562830068589,0.0,0,4,Misconception Errors
246,14,0.7,2.9,5,7.987281635613212,3.5527238329013335,0.15333734004898988,1.0,0.6,0.0,-0.04999999999999996,3,0.23163116743278317,0.0,7,0.25,0.27542350467631765,0.0,1,2,Guessing Behavior
247,10,0.5,1.7,3,36.33734870518504,20.545611170995528,0.48995380101405817,1.0,0.05,0.15,-1.2067383328930179e-17,4,0.6177349279881458,0.6,10,0.5,2.1374911003050023,0.0,2,3,Partial Understanding
248,15,0.75,2.45,4,37.60372639097924,13.761230046276115,0.8788367867406778,1.0,0.0,0.1,0.17500000000000002,2,0.9212912965789914,0.26666666666666666,12,0.25,1.5348459751420098,0.0,0,4,Misconception Errors
249,14,0.7,2.45,4,33.664139263430755,12.15698087974889,0.7962276207492105,1.0,0.0,0.05,-0.04999999999999996,1,0.8247714119540536,0.21428571428571427,9,0.3,1.374046500548194,0.0,0,4,Misconception Errors
250,5,0.25,1.25,2,31.58663467947006,12.034783281041047,0.1,1.0,0.0,0.0,0.07500000000000004,1,0.3948329334933757,1.0,10,0.75,2.526930774357605,0.0,4,1,Careless Mistakes
251,14,0.7,2.7,4,44.44356594274906,17.94417728361188,0.83852116527964,1.0,0.05,0.2,-0.125,0,1.1999762804542247,0.07142857142857142,11,0.3,1.6460579978795948,0.0,0,4,Misconception Errors
252,1,0.05,1.05,2,25.492201764757667,10.495529403018857,0.1,1.0,0.0,0.0,-0.025000000000000036,2,0.26766811852995553,1.0,17,0.95,2.4278287395007303,0.0,4,1,Careless Mistakes
253,14,0.7,1.7,2,43.02022144111599,13.495007998929548,0.20000000000000004,1.0,0.0,0.1,-0.12500000000000003,2,0.7313437644989719,1.0,12,0.3,2.530601261242117,0.0,3,0,Procedural Errors
254,10,0.5,1.8,3,46.55977582645786,20.414045629801347,0.4806711914191461,1.0,0.0,0.2,-1.2067383328930179e-17,4,0.8380759648762415,0.4,10,0.5,2.586654212580992,0.0,2,3,Partial Understanding
255,14,0.7,1.7,2,39.96136749232788,13.216448415503882,0.20000000000000004,1.0,0.0,0.1,-0.1,0,0.679343247369574,1.0,12,0.3,2.350668676019287,0.0,3,0,Procedural Errors
256,14,0.7,3.15,5,7.615853474090521,2.62537567328509,0.16136045083224784,1.0,0.7,0.0,-0.024999999999999998,1,0.23989938443385142,0.0,10,0.2,0.24177312616160385,0.0,1,2,Guessing Behavior
257,14,0.7,2.2,4,43.89481461722802,14.543030350965354,0.8477779653140732,1.0,0.0,0.2,-0.07500000000000002,1,0.9656859215790167,0.42857142857142855,10,0.3,1.9952188462376375,0.0,0,4,Misconception Errors
258,16,0.8,2.7,4,33.97182819217608,12.937624667662652,0.8317173598890305,1.0,0.0,0.0,-0.025000000000000043,1,0.9172393611887543,0.3125,15,0.2,1.2582158589694845,0.0,0,4,Misconception Errors
259,3,0.15,1.15,2,29.85197048130337,10.302037363888937,0.10000000000000002,1.0,0.0,0.0,-0.05000000000000008,1,0.3432976605349887,1.0,13,0.85,2.595823520113336,0.0,4,1,Careless Mistakes
260,13,0.65,1.65,2,40.906253636273796,9.069818126946773,0.20000000000000004,1.0,0.0,0.0,-0.07500000000000005,3,0.6749531849985176,1.0,11,0.35,2.4791668870468966,0.0,3,0,Procedural Errors
261,10,0.5,1.85,3,37.87192838396867,13.013739798704758,0.5155108290465616,1.0,0.0,0.1,-1.2067383328930179e-17,4,0.7006306751034205,0.3,10,0.5,2.0471312639983066,0.0,2,3,Partial Understanding
262,4,0.2,1.2,2,26.825186607857034,8.775403246101426,0.1,1.0,0.05,0.0,-1.1565842436992107e-17,2,0.3219022392942844,1.0,12,0.8,2.2354322173214194,0.0,4,1,Careless Mistakes
263,13,0.65,2.25,4,33.31214350990872,12.137953890778297,0.8334015069557721,1.0,0.0,0.0,3.606916428320191e-17,1,0.7495232289729462,0.3076923076923077,9,0.35,1.4805397115514987,0.0,0,4,Misconception Errors
264,15,0.75,3.6,5,9.613059113625347,3.6966218541722187,0.14554757352697914,1.0,0.5,0.0,-0.05000000000000005,0,0.34607012809051246,0.0,9,0.1,0.26702941982292633,0.0,1,2,Guessing Behavior
265,15,0.75,3.35,5,8.503447714863501,3.630914069948275,0.14803349294408077,1.0,0.55,0.0,-0.04999999999999998,0,0.2848654984479273,0.0,11,0.2,0.2538342601451791,0.0,1,2,Guessing Behavior
266,10,0.5,1.5,2,35.86990561774144,14.268630166723732,0.2,1.0,0.0,0.0,-1.2067383328930179e-17,4,0.5380485842661216,1.0,8,0.5,2.3913270411827625,0.0,3,0,Procedural Errors
267,10,0.5,1.7,3,40.96051564932262,17.35193300298918,0.5256360221995757,1.0,0.0,0.2,-1.2067383328930179e-17,4,0.6963287660384846,0.6,10,0.5,2.409442097018978,0.0,2,3,Partial Understanding
268,12,0.6,1.6,2,40.19395191407766,11.141010015275347,0.20000000000000004,1.0,0.0,0.0,-0.09999999999999998,0,0.6431032306252427,1.0,10,0.4,2.5121219946298536,0.0,3,0,Procedural Errors
269,10,0.5,2.7,5,7.749173759007732,3.357422443611024,0.18014269699293156,1.0,0.65,0.0,0.1,2,0.20922769149320877,0.0,10,0.3,0.2870064355188049,0.0,1,2,Guessing Behavior
270,13,0.65,2.2,4,36.77102607953151,16.19151558616566,0.8286222233994365,1.0,0.0,0.1,0.05000000000000005,1,0.8089625737496933,0.46153846153846156,9,0.35,1.6714102763423413,0.0,0,4,Misconception Errors
271,13,0.65,3.3,5,7.571698368318944,2.4981513154520396,0.11534091926253195,1.0,0.75,0.0,-0.07500000000000008,0,0.24986604615452512,0.0,13,0.2,0.22944540510057407,0.0,1,2,Guessing Behavior
272,11,0.55,1.55,2,39.21986365441386,10.6038188423819,0.2,1.0,0.0,0.05,-0.02500000000000002,1,0.6079078866434148,1.0,5,0.45,2.530313784155733,0.0,3,0,Procedural Errors
273,4,0.2,1.2,2,28.644727332945262,11.15301906935208,0.1,1.0,0.0,0.0,-5.364964253124713e-18,0,0.3437367279953431,1.0,14,0.8,2.387060611078772,0.0,4,1,Careless Mistakes
274,6,0.3,1.3,2,31.101383042227866,11.192804551517646,0.19999999999999998,1.0,0.0,0.0,0.20000000000000007,2,0.40431797954896226,1.0,14,0.7,2.3924140801713745,0.0,3,1,Careless Mistakes
275,12,0.6,2.05,4,26.582671511269155,11.916228621637421,0.8798239281276942,1.0,0.05,0.0,0.024999999999999994,1,0.5449447659810176,0.5,8,0.4,1.296715683476544,0.0,0,4,Misconception Errors
276,10,0.5,1.7,3,40.13353053045723,18.04464594422088,0.5022016902837804,1.0,0.0,0.15,-1.2067383328930179e-17,4,0.6822700190177728,0.6,10,0.5,2.3607959135563075,0.0,2,3,Partial Understanding
277,10,0.5,1.65,3,44.224249675519964,21.42558964440929,0.4510607075276303,1.0,0.0,0.15,-1.2067383328930179e-17,4,0.7297001196460794,0.7,10,0.5,2.680257556092119,0.0,2,3,Partial Understanding
278,10,0.5,1.7,3,39.89743310632538,19.19561003601359,0.5150543743851858,1.0,0.05,0.2,-1.2067383328930179e-17,4,0.6782563628075314,0.6,10,0.5,2.346907829783846,0.0,2,3,Partial Understanding
279,14,0.7,2.4,4,39.069737724630464,13.079669783343979,0.8816764443598795,1.0,0.0,0.05,-0.02499999999999998,0,0.9376737053911312,0.42857142857142855,13,0.3,1.6279057385262694,0.0,0,4,Misconception Errors
280,3,0.15,1.15,2,30.10765562756376,11.559691399213431,0.10000000000000002,1.0,0.0,0.0,-0.12500000000000003,2,0.34623803971698325,1.0,14,0.85,2.6180570110925006,0.0,4,1,Careless Mistakes
281,6,0.3,1.3,2,36.9698877751946,12.96034220302434,0.19999999999999998,1.0,0.0,0.05,0.05000000000000001,1,0.4806085410775298,1.0,9,0.7,2.8438375211688154,0.0,3,0,Procedural Errors
282,11,0.55,2.9,5,8.556044650675476,2.499160105542916,0.12207716144604987,1.0,0.65,0.0,0.12500000000000003,2,0.24812529486958879,0.0,9,0.15,0.2950360224370854,0.0,1,2,Guessing Behavior
283,10,0.5,1.5,2,36.44048643970067,12.022339128154808,0.2,1.0,0.0,0.0,-0.10000000000000002,2,0.5466072965955101,1.0,5,0.5,2.4293657626467113,0.0,3,0,Procedural Errors
284,10,0.5,1.9,3,40.76894886808309,20.508852033597645,0.5142123676587931,1.0,0.0,0.2,-1.2067383328930179e-17,4,0.7746100284935786,0.2,10,0.5,2.145734150951742,0.0,2,3,Partial Understanding
285,10,0.5,1.5,2,33.2311736572785,13.92518988168643,0.2,1.0,0.0,0.0,-0.07500000000000004,0,0.4984676048591774,1.0,10,0.5,2.2154115771518996,0.0,3,0,Procedural Errors
286,10,0.5,1.85,3,42.22525844597003,20.648931557937903,0.5058998324601818,1.0,0.0,0.25,-1.2067383328930179e-17,4,0.7811672812504455,0.3,10,0.5,2.2824464024848665,0.0,2,3,Partial Understanding
287,10,0.5,1.5,2,37.35067565968007,13.029191661426694,0.2,1.0,0.0,0.0,-1.2067383328930179e-17,4,0.5602601348952011,1.0,7,0.5,2.490045043978671,0.0,3,0,Procedural Errors
288,15,0.75,3.6,5,8.150751963014587,3.3444202560084078,0.11820341975300987,1.0,0.65,0.0,-2.4104374966514886e-17,0,0.29342707066852514,0.0,11,0.05,0.2264097767504052,0.0,1,2,Guessing Behavior
289,10,0.5,1.5,2,40.46266836446351,11.381487435892938,0.2,1.0,0.0,0.05,-0.024999999999999918,2,0.6069400254669527,1.0,6,0.5,2.697511224297567,0.0,3,0,Procedural Errors
290,10,0.5,1.85,3,38.82582218913938,22.434792048566035,0.4904478895424854,1.0,0.0,0.2,-1.2067383328930179e-17,4,0.7182777104990785,0.3,10,0.5,2.098693091304831,0.0,2,3,Partial Understanding
291,6,0.3,1.3,2,28.61523357116136,11.540036655036909,0.09999999999999999,1.0,0.0,0.0,-0.02499999999999998,1,0.3719980364250977,1.0,9,0.7,2.2011718131662588,0.0,4,1,Careless Mistakes
292,6,0.3,1.3,2,29.311595477396803,10.255916778892713,0.09999999999999999,1.0,0.0,0.0,0.15000000000000002,1,0.38105074120615845,1.0,14,0.7,2.254738113645908,0.0,4,1,Careless Mistakes
293,8,0.4,1.4,2,38.05649456729231,11.918631256564485,0.2,1.0,0.0,0.05,-0.04999999999999996,0,0.5327909239420924,1.0,9,0.6,2.7183210405208795,0.0,3,0,Procedural Errors
294,14,0.7,2.4,4,40.579014590059884,14.701561049542459,0.8350576265614345,1.0,0.0,0.1,0.025000000000000043,1,0.9738963501614372,0.2857142857142857,10,0.3,1.6907922745858286,0.0,0,4,Misconception Errors
295,11,0.55,2.25,4,37.31981515524611,12.155931953042126,0.8142567831964945,1.0,0.0,0.05,0.1,0,0.8396958409930374,0.2727272727272727,9,0.45,1.6586584513442717,0.0,0,4,Misconception Errors
296,10,0.5,1.7,3,43.489448746443266,21.819246725018207,0.509199776927397,1.0,0.0,0.3,-1.2067383328930179e-17,4,0.7393206286895355,0.6,10,0.5,2.558202867437839,0.0,2,3,Partial Understanding
297,12,0.6,2.8,5,7.510343409688202,3.28020482539658,0.14160887198205974,1.0,0.65,0.0,-1.63684824154878e-17,1,0.21028961547126965,0.0,7,0.15,0.26822655034600723,0.0,1,2,Guessing Behavior
298,10,0.5,1.65,3,39.40396805975459,19.790618048459862,0.522136603597306,1.0,0.0,0.2,-1.2067383328930179e-17,4,0.6501654729859507,0.7,10,0.5,2.388119276348763,0.0,2,3,Partial Understanding
299,10,0.5,1.9,3,35.6945605299224,13.3165690385946,0.48248554146546957,1.0,0.0,0.05,-1.2067383328930179e-17,4,0.6781966500685256,0.2,10,0.5,1.8786610805222315,0.0,2,3,Partial Understanding
300,6,0.3,1.3,2,24.958027048865965,6.936075242981015,0.09999999999999999,1.0,0.0,0.0,3.487985699690724e-18,0,0.3244543516352576,1.0,10,0.7,1.9198482345281511,0.0,4,1,Careless Mistakes
301,15,0.75,2.25,4,41.357813651916715,13.380615542392365,0.8457565718650463,1.0,0.0,0.05,-6.0336916644650896e-18,4,0.9305508071681261,0.4666666666666667,10,0.25,1.8381250511962983,0.0,0,4,Misconception Errors
302,13,0.65,1.65,2,40.80110766664889,11.731367822892091,0.20000000000000004,1.0,0.0,0.05,0.07500000000000002,0,0.6732182764997066,1.0,8,0.35,2.472794404039327,0.0,3,0,Procedural Errors
303,4,0.2,1.2,2,28.24488119187375,7.529361963248637,0.1,1.0,0.0,0.0,0.12500000000000003,2,0.338938574302485,1.0,12,0.8,2.3537400993228124,0.0,4,1,Careless Mistakes
304,10,0.5,1.75,3,31.781418114962616,14.773836592665923,0.510559276594652,1.0,0.05,0.05,-1.2067383328930179e-17,4,0.5561748170118458,0.5,10,0.5,1.8160810351407208,0.0,2,3,Partial Understanding
305,4,0.2,1.2,2,25.758190175493127,11.875161356772699,0.1,1.0,0.0,0.0,0.02499999999999995,1,0.3090982821059175,1.0,16,0.8,2.1465158479577604,0.0,4,1,Careless Mistakes
306,11,0.55,2.05,4,33.705520239209804,16.46880235070844,0.8268334568747229,1.0,0.05,0.05,-3.8865640693945315e-17,0,0.6909631649038009,0.36363636363636365,6,0.45,1.644171718985844,0.0,0,4,Misconception Errors
307,12,0.6,1.6,2,39.4521973813983,11.279681874336532,0.20000000000000004,1.0,0.0,0.0,-0.07500000000000004,3,0.6312351581023727,1.0,10,0.4,2.4657623363373937,0.0,3,0,Procedural Errors
308,10,0.5,1.65,3,44.71244124674701,22.9624755727385,0.46996975874200564,1.0,0.0,0.3,-1.2067383328930179e-17,4,0.7377552805713257,0.7,10,0.5,2.7098449240452736,0.0,2,3,Partial Understanding
309,15,0.75,2.5,4,43.70445103082208,17.52393740647213,0.876520668513089,1.0,0.0,0.15,-0.024999999999999974,2,1.092611275770552,0.4,12,0.25,1.7481780412328831,0.0,0,4,Misconception Errors
310,10,0.5,1.5,2,41.682612488679965,12.310482169398027,0.2,1.0,0.0,0.15,-0.050000000000000044,0,0.6252391873301995,1.0,7,0.5,2.7788408325786644,0.0,3,0,Procedural Errors
311,18,0.9,3.4,5,8.67590870130276,2.717330950094538,0.15409020755346275,1.0,0.65,0.0,-0.05,1,0.2949808958442938,0.0,15,0.0,0.2551737853324341,0.0,1,2,Guessing Behavior
312,10,0.5,1.8,3,42.49766722771361,20.04468368496113,0.4913061844404825,1.0,0.0,0.25,-1.2067383328930179e-17,4,0.764958010098845,0.4,10,0.5,2.3609815126507563,0.0,2,3,Partial Understanding
313,11,0.55,1.55,2,42.43948667435188,12.76248078659731,0.2,1.0,0.0,0.15,6.0450919364029825e-18,0,0.6578120434524543,1.0,9,0.45,2.738031398345283,0.0,3,0,Procedural Errors
314,7,0.35,1.35,2,33.40587505302973,11.540696700559504,0.19999999999999998,1.0,0.0,0.0,0.05,1,0.4509793132159014,1.0,9,0.65,2.4745092631873877,0.0,3,0,Procedural Errors
315,11,0.55,1.55,2,36.392989820626404,9.504241980139412,0.2,1.0,0.0,0.0,-0.10000000000000006,0,0.5640913422197094,1.0,8,0.45,2.347934827137187,0.0,3,0,Procedural Errors
316,14,0.7,3.25,5,8.631716556818333,3.3810289556431767,0.17363459074919793,1.0,0.55,0.0,0.049999999999999996,0,0.2805307880965958,0.0,10,0.3,0.2655912786713333,0.0,1,2,Guessing Behavior
317,5,0.25,1.25,2,30.269192550206014,9.993678105918566,0.1,1.0,0.0,0.0,-7.450546640610684e-17,0,0.3783649068775752,1.0,10,0.75,2.421535404016481,0.0,4,1,Careless Mistakes
318,10,0.5,1.8,3,45.132380175869315,26.798296167623594,0.474070270937172,1.0,0.0,0.2,-1.2067383328930179e-17,4,0.8123828431656477,0.4,10,0.5,2.507354454214962,0.0,2,3,Partial Understanding
319,15,0.75,3.45,5,7.862614568821646,2.259272714828708,0.12194865476414006,1.0,0.7,0.0,-0.10000000000000002,2,0.2712602026243468,0.0,15,0.05,0.22790187156004774,0.0,1,2,Guessing Behavior
320,10,0.5,1.8,3,45.73214700339413,17.24954837938713,0.5077401124667277,1.0,0.0,0.15,-1.2067383328930179e-17,4,0.8231786460610944,0.4,10,0.5,2.540674833521896,0.0,2,3,Partial Understanding
321,5,0.25,1.25,2,27.99387973916705,10.533700032447689,0.1,1.0,0.0,0.0,0.02499999999999999,1,0.3499234967395881,1.0,14,0.75,2.239510379133364,0.0,4,1,Careless Mistakes
322,6,0.3,1.3,2,27.21183355459552,9.648107711383823,0.09999999999999999,1.0,0.0,0.0,0.07500000000000007,2,0.35375383620974177,1.0,15,0.7,2.0932179657381167,0.0,4,1,Careless Mistakes
323,1,0.05,1.05,2,28.661367731788694,9.770765199581927,0.1,1.0,0.0,0.0,0.025000000000000015,2,0.3009443611837813,1.0,17,0.95,2.729654069694161,0.0,4,1,Careless Mistakes
324,15,0.75,3.4,5,7.672761760817013,2.4987754211947593,0.1566090067647985,1.0,0.65,0.0,-0.024999999999999994,2,0.2608738998677784,0.0,11,0.1,0.22566946355344156,0.0,1,2,Guessing Behavior
325,15,0.75,2.65,4,38.89734200166714,12.225794456510377,0.8489654792607785,1.0,0.0,0.0,-0.10000000000000002,2,1.0307795630441792,0.3333333333333333,9,0.25,1.4678242264780053,0.0,0,4,Misconception Errors
326,4,0.2,1.2,2,32.05763398666217,11.841861849203577,0.2,1.0,0.0,0.0,0.04999999999999998,3,0.38469160783994605,1.0,12,0.8,2.671469498888514,0.0,3,1,Careless Mistakes
327,16,0.8,3.45,5,8.581102668478428,2.611805581426885,0.12164093561494702,1.0,0.75,0.0,-0.02499999999999998,2,0.2960480420625058,0.0,12,0.15,0.24872761357908485,0.0,1,2,Guessing Behavior
328,13,0.65,2.45,4,31.910430218206994,12.945347682698303,0.8564058991374294,1.0,0.05,0.0,-0.07500000000000005,3,0.7818055403460714,0.23076923076923078,7,0.35,1.3024665395186528,0.0,0,4,Misconception Errors
329,10,0.5,1.7,3,37.32303684724705,20.377245266208423,0.5144711303902991,1.0,0.05,0.15,-1.2067383328930179e-17,4,0.6344916264031999,0.6,10,0.5,2.195472755720415,0.0,2,3,Partial Understanding
330,15,0.75,2.6,4,36.52299404851935,14.27374030835591,0.8332344301533874,1.0,0.05,0.05,-0.07500000000000001,1,0.9495978452615031,0.2,11,0.25,1.4047305403276673,0.0,0,4,Misconception Errors
331,5,0.25,1.25,2,28.11140507098471,11.194320490483058,0.1,1.0,0.0,0.0,0.05000000000000007,0,0.3513925633873089,1.0,11,0.75,2.2489124056787766,0.0,4,1,Careless Mistakes
332,5,0.25,1.25,2,28.177689536454572,8.7422606504811,0.1,1.0,0.05,0.0,0.05000000000000004,0,0.35222111920568216,1.0,10,0.75,2.2542151629163656,0.0,4,1,Careless Mistakes
333,17,0.85,2.7,4,39.64213549967135,11.68130095446405,0.81158568245558,1.0,0.0,0.05,-0.025000000000000005,2,1.0703376584911264,0.23529411764705882,14,0.15,1.4682272407285684,0.0,0,4,Misconception Errors
334,14,0.7,2.4,4,41.9060737440379,15.187197111894875,0.857437239660002,1.0,0.0,0.15,0.025000000000000043,1,1.0057457698569094,0.42857142857142855,10,0.3,1.746086406001579,0.0,0,4,Misconception Errors
335,16,0.8,3.5,5,7.281715149952449,2.427242544327174,0.14804205920171137,1.0,0.7,0.0,0.024999999999999998,2,0.2548600302483357,0.0,12,0.15,0.2080490042843557,0.0,1,2,Guessing Behavior
336,16,0.8,3.6,5,7.293521017832754,3.280057312678816,0.12295189221224476,1.0,0.65,0.0,2.924136931754635e-17,2,0.26256675664197915,0.0,13,0.1,0.20259780605090982,0.0,1,2,Guessing Behavior
337,11,0.55,2.3,4,39.74958874407067,13.375918971558619,0.8350210825085326,1.0,0.0,0.1,-0.02500000000000002,2,0.9142405411136254,0.09090909090909091,6,0.45,1.7282429888726378,0.0,0,4,Misconception Errors
338,7,0.35,1.35,2,28.403030489826648,11.842094235079948,0.09999999999999999,1.0,0.05,0.0,-0.05,2,0.3834409116126598,1.0,9,0.65,2.1039281844316036,0.0,4,0,Procedural Errors
339,13,0.65,1.65,2,37.77141792066508,12.643293473411209,0.20000000000000004,1.0,0.0,0.0,-0.04999999999999994,1,0.6232283956909738,1.0,13,0.35,2.2891768436766715,0.0,3,0,Procedural Errors
340,2,0.1,1.1,2,28.267868626674176,9.01011252828167,0.1,1.0,0.0,0.0,2.085954989905467e-17,2,0.31094655489341594,1.0,16,0.9,2.5698062387885616,0.0,4,1,Careless Mistakes
341,14,0.7,3.6,5,7.78266954949989,3.1923033052764733,0.10673219753844297,1.0,0.65,0.0,0.025000000000000026,2,0.2801761037819961,0.0,9,0.05,0.21618526526388585,0.0,1,2,Guessing Behavior
342,10,0.5,1.8,3,39.00499553826092,13.064247387492918,0.4888407807825431,1.0,0.05,0.05,-1.2067383328930179e-17,4,0.7020899196886965,0.4,10,0.5,2.1669441965700513,0.0,2,3,Partial Understanding
343,12,0.6,3.15,5,9.26614694928986,1.693369291569715,0.1462195810875511,1.0,0.55,0.0,0.05000000000000005,2,0.2918836289026306,0.0,7,0.25,0.2941633952155511,0.0,1,2,Guessing Behavior
344,11,0.55,1.55,2,39.4279964528236,12.352797369395237,0.2,1.0,0.0,0.05,0.05000000000000004,1,0.6111339450187657,1.0,11,0.45,2.5437417066337806,0.0,3,0,Procedural Errors
345,6,0.3,1.3,2,29.360317382043917,7.944482988871389,0.09999999999999999,1.0,0.0,0.0,0.04999999999999993,1,0.3816841259665709,1.0,11,0.7,2.2584859524649166,0.0,4,1,Careless Mistakes
346,10,0.5,1.75,3,43.42782094096307,14.104232554978434,0.5161736938088228,1.0,0.0,0.15,-1.2067383328930179e-17,4,0.7599868664668538,0.5,10,0.5,2.481589768055033,0.0,2,3,Partial Understanding
347,12,0.6,1.6,2,38.704527336265166,10.704056402962715,0.20000000000000004,1.0,0.0,0.0,0.05000000000000005,0,0.6192724373802426,1.0,9,0.4,2.419032958516573,0.0,3,0,Procedural Errors
348,0,0.0,1.0,1,28.859495186230294,11.843609210692394,0.0,1.0,0.0,0.0,-2.4134766657860358e-17,4,0.28859495186230294,1.0,19,1.0,2.8859495186230295,0.0,4,1,Careless Mistakes
349,4,0.2,1.2,2,28.070488941437475,9.280466118316065,0.1,1.0,0.0,0.0,0.15,3,0.3368458672972497,1.0,12,0.8,2.339207411786456,0.0,4,1,Careless Mistakes
350,15,0.75,2.4,4,32.9383602936911,13.190627948294043,0.8917893252435322,1.0,0.0,0.05,-0.07500000000000001,0,0.7905206470485864,0.4666666666666667,12,0.25,1.3724316789037958,0.0,0,4,Misconception Errors
351,6,0.3,1.3,2,37.43084548477982,11.251200513045905,0.19999999999999998,1.0,0.0,0.0,0.049999999999999996,3,0.48660099130213774,1.0,8,0.7,2.879295806521525,0.0,3,0,Procedural Errors
352,9,0.45,1.45,2,36.16416718674988,12.947266415071535,0.2,1.0,0.0,0.0,-0.09999999999999991,0,0.5243804242078732,1.0,7,0.55,2.4940804956379226,0.0,3,0,Procedural Errors
353,12,0.6,2.8,5,8.485231770128468,3.252995221276157,0.17442050778750973,1.0,0.55,0.0,-0.09999999999999998,1,0.2375864895635971,0.0,9,0.25,0.30304399179030245,0.0,1,2,Guessing Behavior
354,10,0.5,1.85,3,41.9651921211473,22.342831139053906,0.5065407730822852,1.0,0.0,0.15,-1.2067383328930179e-17,4,0.776356054241225,0.3,10,0.5,2.2683887633052593,0.0,2,3,Partial Understanding
355,15,0.75,3.1,5,7.818872716889875,2.663074925355718,0.12441550102031612,1.0,0.6,0.0,-0.02499999999999998,1,0.24238505422358614,0.0,13,0.25,0.25222170054483467,0.0,1,2,Guessing Behavior
356,13,0.65,1.65,2,39.71475813438551,12.451605512199126,0.20000000000000004,1.0,0.0,0.1,-0.07499999999999996,0,0.655293509217361,1.0,13,0.35,2.406955038447607,0.0,3,0,Procedural Errors
357,12,0.6,2.85,5,8.509238525338372,3.675332740972611,0.1370509223833819,1.0,0.6,0.0,-0.12499999999999999,0,0.2425132979721436,0.0,14,0.1,0.29856977281889024,0.0,1,2,Guessing Behavior
358,10,0.5,1.8,3,40.13603619347471,18.12234167095105,0.47024893050710564,1.0,0.0,0.15,-1.2067383328930179e-17,4,0.7224486514825448,0.4,10,0.5,2.229779788526373,0.0,2,3,Partial Understanding
359,10,0.5,1.8,3,42.454929656917,20.423159146849486,0.5063843788482235,1.0,0.0,0.15,-1.2067383328930179e-17,4,0.7641887338245061,0.4,10,0.5,2.3586072031620557,0.0,2,3,Partial Understanding
360,15,0.75,3.55,5,8.242520609469356,2.769435718868836,0.13028184355816844,1.0,0.7,0.0,-0.07500000000000001,1,0.2926094816361621,0.0,11,0.2,0.23218367913998186,0.0,1,2,Guessing Behavior
361,10,0.5,1.85,3,44.277025994606774,25.216491104929485,0.5067933294615713,1.0,0.0,0.25,-1.2067383328930179e-17,4,0.8191249809002253,0.3,10,0.5,2.393352756465231,0.0,2,3,Partial Understanding
362,15,0.75,3.4,5,8.243165511953892,2.527908501221512,0.1253567524652725,1.0,0.65,0.0,0.025,2,0.2802676274064323,0.0,13,0.2,0.24244604446923212,0.0,1,2,Guessing Behavior
363,10,0.5,2.6,5,8.091443859612088,2.3950405636130796,0.15776529812141873,1.0,0.55,0.0,-0.15000000000000005,2,0.2103775403499143,0.0,11,0.35,0.31120937921584957,0.0,1,2,Guessing Behavior
364,5,0.25,1.25,2,26.24476732587118,10.371811796838651,0.1,1.0,0.05,0.0,3.0286243064705863e-17,1,0.32805959157338976,1.0,15,0.75,2.0995813860696946,0.0,4,1,Careless Mistakes
365,18,0.9,3.75,5,8.407768325742614,2.655871117499584,0.13955555883122595,1.0,0.6,0.0,-7.05957188341755e-18,0,0.31529131221534806,0.0,15,0.1,0.22420715535313637,0.0,1,2,Guessing Behavior
366,14,0.7,3.35,5,7.02366461907895,2.5690037451881285,0.18948852025045762,1.0,0.8,0.0,0.024999999999999998,0,0.23529276473914482,0.0,8,0.05,0.20966163042026717,0.0,1,2,Guessing Behavior
367,13,0.65,2.35,4,38.04582771275288,20.707484780998186,0.8047099409255863,1.0,0.05,0.15,-0.04999999999999999,0,0.8940769512496928,0.3076923076923077,13,0.35,1.6189713920320374,0.0,0,4,Misconception Errors
368,17,0.85,3.55,5,6.969202255387289,3.545224511997919,0.14078955255842612,1.0,0.65,0.0,0.02499999999999999,1,0.24740668006624877,0.0,13,0.15,0.1963155564897828,0.0,1,2,Guessing Behavior
369,10,0.5,1.5,2,37.7724407189131,12.786806865087561,0.2,1.0,0.0,0.0,0.1,2,0.5665866107836965,1.0,7,0.5,2.5181627145942067,0.0,3,0,Procedural Errors
370,3,0.15,1.15,2,27.749142021262664,14.557345751262686,0.10000000000000002,1.0,0.0,0.0,0.10000000000000003,2,0.31911513324452057,1.0,15,0.85,2.4129688714141446,0.0,4,1,Careless Mistakes
371,11,0.55,1.55,2,40.71699133410359,7.2808583741737865,0.2,1.0,0.0,0.0,0.05000000000000004,0,0.6311133656786057,1.0,9,0.45,2.6269026667163606,0.0,3,0,Procedural Errors
372,10,0.5,1.8,3,39.76152699932405,25.958879068584913,0.48487745357574524,1.0,0.05,0.25,-1.2067383328930179e-17,4,0.7157074859878328,0.4,10,0.5,2.2089737221846693,0.0,2,3,Partial Understanding
373,13,0.65,1.65,2,45.10458727275762,10.719295039543669,0.20000000000000004,1.0,0.0,0.05,-0.024999999999999974,1,0.7442256900005008,1.0,10,0.35,2.7336113498640984,0.0,3,0,Procedural Errors
374,15,0.75,3.45,5,7.572431536791403,2.9602364524372415,0.14271926969390228,1.0,0.75,0.0,-1.6490086513407377e-18,1,0.2612488880193034,0.0,11,0.05,0.21949076918235952,0.0,1,2,Guessing Behavior
375,2,0.1,1.1,2,28.86862619973702,11.469391522859086,0.1,1.0,0.05,0.0,2.085954989905467e-17,0,0.31755488819710725,1.0,15,0.9,2.6244205636124565,0.0,4,1,Careless Mistakes
376,10,0.5,1.8,3,44.6406801406154,20.814704046231615,0.49894737008774326,1.0,0.0,0.2,-1.2067383328930179e-17,4,0.8035322425310772,0.4,10,0.5,2.4800377855897446,0.0,2,3,Partial Understanding
377,4,0.2,1.2,2,27.874881851013487,7.197594425287865,0.1,1.0,0.0,0.0,0.10000000000000003,0,0.33449858221216183,1.0,12,0.8,2.3229068209177908,0.0,4,1,Careless Mistakes
378,5,0.25,1.25,2,23.684740439249076,10.685456320840453,0.1,1.0,0.0,0.0,-0.09999999999999999,2,0.29605925549061346,1.0,11,0.75,1.894779235139926,0.0,4,1,Careless Mistakes
379,16,0.8,3.4,5,8.209292440139503,2.1871711539197327,0.12682204930280716,1.0,0.65,0.0,2.924136931754635e-17,2,0.27911594296474307,0.0,14,0.15,0.24144977765116185,0.0,1,2,Guessing Behavior
380,5,0.25,1.25,2,28.31982321997027,11.553934822187527,0.1,1.0,0.0,0.0,0.07500000000000004,1,0.3539977902496284,1.0,11,0.75,2.2655858575976215,0.0,4,1,Careless Mistakes
381,14,0.7,2.25,4,39.60421307559791,13.61838809603005,0.8281730896506696,1.0,0.0,0.1,0.05000000000000004,1,0.8910947942009529,0.42857142857142855,12,0.3,1.7601872478043517,0.0,0,4,Misconception Errors
382,10,0.5,1.85,3,41.956206158930044,20.282758520244805,0.5229889433621684,1.0,0.0,0.15,-1.2067383328930179e-17,4,0.7761898139402058,0.3,10,0.5,2.2679030356178402,0.0,2,3,Partial Understanding
383,8,0.4,1.4,2,42.3104564358592,8.909824894738083,0.2,1.0,0.0,0.05,0.12500000000000003,0,0.5923463901020287,1.0,11,0.6,3.0221754597042287,0.0,3,0,Procedural Errors
384,9,0.45,1.45,2,38.30458496312968,15.031468426646251,0.2,1.0,0.0,0.1,-0.025000000000000046,0,0.5554164819653803,1.0,11,0.55,2.6416955146985983,0.0,3,0,Procedural Errors
385,5,0.25,1.25,2,28.174620526688653,12.713742146952397,0.1,1.0,0.0,0.0,-0.12500000000000006,1,0.35218275658360815,1.0,11,0.75,2.2539696421350923,0.0,4,1,Careless Mistakes
386,10,0.5,1.7,3,35.325079609959104,18.358571697154897,0.494003112921348,1.0,0.0,0.05,-1.2067383328930179e-17,4,0.6005263533693048,0.6,10,0.5,2.077945859409359,0.0,2,3,Partial Understanding
387,11,0.55,3.05,5,7.9632326136472145,3.2303152231724654,0.17536829619600489,1.0,0.6,0.0,0.07500000000000004,1,0.24287859471624004,0.0,9,0.15,0.2610895938900726,0.0,1,2,Guessing Behavior
388,15,0.75,2.55,4,39.47883081307208,16.118800473140354,0.8530712842452299,1.0,0.05,0.15,0.025000000000000012,1,1.006710185733338,0.26666666666666666,9,0.25,1.5481894436498855,0.0,0,4,Misconception Errors
389,15,0.75,2.5,4,33.97125767466324,12.358271131229808,0.8684527242109894,1.0,0.0,0.0,-0.02499999999999998,1,0.849281441866581,0.26666666666666666,12,0.25,1.3588503069865296,0.0,0,4,Misconception Errors
390,3,0.15,1.15,2,26.66282672580591,8.154752135343623,0.10000000000000002,1.0,0.0,0.0,-0.12500000000000003,2,0.30662250734676794,1.0,14,0.85,2.3185066718092098,0.0,4,1,Careless Mistakes
391,10,0.5,1.5,2,38.36715819976191,15.650398085720608,0.2,1.0,0.0,0.05,-0.025000000000000026,1,0.5755073729964286,1.0,6,0.5,2.557810546650794,0.0,3,0,Procedural Errors
392,8,0.4,1.4,2,35.45349558425685,13.699931807902813,0.2,1.0,0.0,0.0,0.02500000000000006,0,0.49634893817959586,1.0,9,0.6,2.5323925417326323,0.0,3,0,Procedural Errors
393,10,0.5,1.5,2,37.60024680677097,12.142635748807454,0.2,1.0,0.0,0.0,0.024999999999999974,2,0.5640037021015645,1.0,7,0.5,2.506683120451398,0.0,3,0,Procedural Errors
394,11,0.55,1.55,2,37.002557441620965,11.713108352579024,0.2,1.0,0.0,0.0,0.07500000000000001,1,0.5735396403451251,1.0,9,0.45,2.387261770427159,0.0,3,0,Procedural Errors
395,9,0.45,1.45,2,35.782210049078664,17.195341110916704,0.2,1.0,0.0,0.05,0.05000000000000007,0,0.5188420457116406,1.0,9,0.55,2.4677386240743906,0.0,3,0,Procedural Errors
396,10,0.5,1.75,3,38.018963377317036,16.1963166104964,0.4908333073069418,1.0,0.0,0.15,-1.2067383328930179e-17,4,0.665331859103048,0.5,10,0.5,2.172512192989545,0.0,2,3,Partial Understanding
397,6,0.3,1.3,2,31.398523718341323,8.613950580950545,0.19999999999999998,1.0,0.0,0.0,-0.04999999999999992,1,0.40818080833843723,1.0,12,0.7,2.415271055257025,0.0,3,1,Careless Mistakes
398,10,0.5,1.75,3,40.38707656706562,14.113903028657923,0.4840820532591109,1.0,0.0,0.05,-1.2067383328930179e-17,4,0.7067738399236484,0.5,10,0.5,2.307832946689464,0.0,2,3,Partial Understanding
399,7,0.35,1.35,2,32.002221090741735,11.563525276559457,0.19999999999999998,1.0,0.0,0.0,-0.07500000000000007,1,0.4320299847250134,1.0,12,0.65,2.370534895610499,0.0,3,1,Careless Mistakes
400,13,0.65,2.35,4,35.23960072051472,12.306111073846377,0.8347784559772187,1.0,0.0,0.05,1.671423705996146e-17,2,0.828130616932096,0.3076923076923077,10,0.35,1.4995574774687117,0.0,0,4,Misconception Errors
401,5,0.25,1.25,2,28.846097848244977,8.586677449300582,0.1,1.0,0.0,0.0,-0.09999999999999995,2,0.3605762231030622,1.0,11,0.75,2.3076878278595983,0.0,4,1,Careless Mistakes
402,9,0.45,1.45,2,40.4582785683007,16.858591209019195,0.2,1.0,0.0,0.15,0.10000000000000002,1,0.5866450392403602,1.0,8,0.55,2.790226108158669,0.0,3,0,Procedural Errors
403,10,0.5,1.8,3,38.80411386974974,17.755956417357122,0.4951499447224258,1.0,0.0,0.15,-1.2067383328930179e-17,4,0.6984740496554954,0.4,10,0.5,2.1557841038749856,0.0,2,3,Partial Understanding
404,12,0.6,2.4,4,33.79395932819246,14.593797776887993,0.841840314051565,1.0,0.05,0.05,-0.025,2,0.811055023876619,0.25,9,0.4,1.4080816386746857,0.0,0,4,Misconception Errors
405,12,0.6,3.0,5,8.053752937460288,2.4501949675123895,0.10896981433038595,1.0,0.6,0.0,-0.025,0,0.24161258812380865,0.0,9,0.2,0.2684584312486763,0.0,1,2,Guessing Behavior
406,1,0.05,1.05,2,31.835508945421093,7.094114856407691,0.1,1.0,0.0,0.0,0.025000000000000015,2,0.3342728439269215,1.0,17,0.95,3.031953232897247,0.0,4,1,Careless Mistakes
407,3,0.15,1.15,2,30.328915175464886,10.435739969942535,0.10000000000000002,1.0,0.0,0.0,0.025000000000000005,2,0.3487825245178462,1.0,14,0.85,2.637296971779555,0.0,4,1,Careless Mistakes
408,14,0.7,3.35,5,7.2828031208032,2.8645175945124066,0.18883135024416964,1.0,0.7,0.0,0.10000000000000003,1,0.24397390454690718,0.0,11,0.1,0.2173971080836776,0.0,1,2,Guessing Behavior
409,10,0.5,1.6,3,43.063785931990296,19.489723161128367,0.5001564976829871,1.0,0.0,0.2,-1.2067383328930179e-17,4,0.6890205749118448,0.8,10,0.5,2.6914866207493935,0.0,2,3,Partial Understanding
410,3,0.15,1.15,2,23.087918956127357,9.183147130186256,0.10000000000000002,1.0,0.0,0.0,0.12500000000000003,2,0.2655110679954646,1.0,14,0.85,2.0076451266197703,0.0,4,1,Careless Mistakes
411,13,0.65,2.1,4,36.30512620140974,14.542458019369633,0.846218217366016,1.0,0.0,0.1,0.02500000000000004,0,0.7624076502296045,0.46153846153846156,7,0.35,1.7288155334004638,0.0,0,4,Misconception Errors
412,4,0.2,1.2,2,27.613671212560586,11.047466199182127,0.1,1.0,0.0,0.0,0.10000000000000003,0,0.33136405455072704,1.0,13,0.8,2.301139267713382,0.0,4,1,Careless Mistakes
413,4,0.2,1.2,2,26.41032433822961,9.607973234653286,0.1,1.0,0.0,0.0,0.12500000000000003,2,0.3169238920587553,1.0,13,0.8,2.2008603615191342,0.0,4,1,Careless Mistakes
414,3,0.15,1.15,2,25.90488791167582,8.742704405517962,0.10000000000000002,1.0,0.0,0.0,0.025000000000000005,2,0.2979062109842719,1.0,14,0.85,2.2525989488413756,0.0,4,1,Careless Mistakes
415,11,0.55,1.55,2,38.783816318772764,13.402309865566817,0.2,1.0,0.0,0.0,-0.10000000000000007,1,0.6011491529409778,1.0,8,0.45,2.5021816979853395,0.0,3,0,Procedural Errors
416,10,0.5,1.8,3,36.9845180144474,12.561249641157335,0.5219679484364315,1.0,0.0,0.05,-1.2067383328930179e-17,4,0.6657213242600533,0.4,10,0.5,2.054695445247078,0.0,2,3,Partial Understanding
417,13,0.65,1.65,2,40.120690413125814,12.827825754379326,0.20000000000000004,1.0,0.0,0.0,0.025,1,0.6619913918165758,1.0,11,0.35,2.4315569947348976,0.0,3,0,Procedural Errors
418,12,0.6,3.2,5,8.439161413334626,2.884849678089806,0.173623237866976,1.0,0.55,0.0,0.075,0,0.270053165226708,0.0,12,0.1,0.26372379416670705,0.0,1,2,Guessing Behavior
419,4,0.2,1.2,2,27.378597542907535,13.175719945095643,0.1,1.0,0.0,0.0,-0.025000000000000053,2,0.3285431705148904,1.0,13,0.8,2.2815497952422947,0.0,4,1,Careless Mistakes
420,15,0.75,3.55,5,8.508743551931582,3.01638280251402,0.14962872163554397,1.0,0.65,0.0,2.829147976889146e-17,1,0.30206039609357116,0.0,13,0.05,0.23968291695581923,0.0,1,2,Guessing Behavior
421,10,0.5,1.7,3,35.965445260244834,19.14157843331387,0.46850057398033984,1.0,0.05,0.2,-1.2067383328930179e-17,4,0.6114125694241622,0.6,10,0.5,2.1156144270732256,0.0,2,3,Partial Understanding
422,13,0.65,1.65,2,40.89338792752913,12.873153852579948,0.20000000000000004,1.0,0.0,0.0,0.02500000000000003,0,0.6747409008042307,1.0,7,0.35,2.478387147122978,0.0,3,0,Procedural Errors
423,10,0.5,1.7,3,42.57355554967479,18.006963207957487,0.5140577375053955,1.0,0.0,0.25,-1.2067383328930179e-17,4,0.7237504443444714,0.6,10,0.5,2.5043267970396936,0.0,2,3,Partial Understanding
424,12,0.6,1.6,2,38.589744864817916,15.726976686879942,0.20000000000000004,1.0,0.0,0.1,0.04999999999999996,0,0.6174359178370866,1.0,11,0.4,2.4118590540511198,0.0,3,0,Procedural Errors
425,14,0.7,3.45,5,7.628479993628235,2.7638960019151226,0.14711982189086176,1.0,0.7,0.0,0.025000000000000012,1,0.26318255978017413,0.0,11,0.1,0.22111536213415176,0.0,1,2,Guessing Behavior
426,12,0.6,1.6,2,37.596324574878665,11.15838943094471,0.20000000000000004,1.0,0.0,0.0,-0.125,0,0.6015411931980587,1.0,10,0.4,2.3497702859299165,0.0,3,0,Procedural Errors
427,15,0.75,2.5,4,38.45819050845042,11.37153606149415,0.8153419822991196,1.0,0.0,0.0,-6.0336916644650896e-18,4,0.9614547627112606,0.2,11,0.25,1.538327620338017,0.0,0,4,Misconception Errors
428,16,0.8,3.45,5,9.230328998776264,2.5355762244577136,0.15972032302387368,1.0,0.5,0.0,-0.024999999999999988,2,0.31844635045778114,0.0,13,0.1,0.2675457680804714,0.0,1,2,Guessing Behavior
429,12,0.6,2.95,5,8.472703714428985,2.749214981989892,0.09594292285073037,1.0,0.6,0.0,-2.5137848441736506e-17,2,0.24994475957565507,0.0,9,0.25,0.2872102954043724,0.0,1,2,Guessing Behavior
430,2,0.1,1.1,2,29.351285567737783,6.954431997373513,0.1,1.0,0.0,0.0,0.025000000000000015,2,0.32286414124511564,1.0,15,0.9,2.668298687976162,0.0,4,1,Careless Mistakes
431,16,0.8,2.75,4,37.334728281299995,15.391639793797092,0.8423125133817522,1.0,0.05,0.05,0.05000000000000002,1,1.02670502773575,0.1875,14,0.2,1.3576264829563633,0.0,0,4,Misconception Errors
432,3,0.15,1.15,2,27.349538212734206,9.535558513761707,0.10000000000000002,1.0,0.0,0.0,0.07500000000000004,3,0.3145196894464434,1.0,15,0.85,2.3782207141508005,0.0,4,1,Careless Mistakes
433,15,0.75,3.4,5,7.686507908462533,2.9664544962110746,0.16945575412699582,1.0,0.65,0.0,-0.024999999999999974,2,0.26134126888772613,0.0,10,0.05,0.22607376201360393,0.0,1,2,Guessing Behavior
434,10,0.5,1.95,3,39.10803107956964,22.502416031901383,0.47201745132193346,1.0,0.0,0.2,-1.2067383328930179e-17,4,0.7626066060516079,0.1,10,0.5,2.0055400553625455,0.0,2,3,Partial Understanding
435,10,0.5,1.5,2,39.34652917852928,14.186845605235547,0.2,1.0,0.0,0.1,0.07500000000000001,1,0.5901979376779392,1.0,10,0.5,2.6231019452352853,0.0,3,0,Procedural Errors
436,11,0.55,1.55,2,40.01555846860414,13.863446373214753,0.2,1.0,0.0,0.05,1.0429774949527335e-17,0,0.6202411562633642,1.0,8,0.45,2.5816489334583315,0.0,3,0,Procedural Errors
437,14,0.7,2.65,4,46.70308666403237,14.544206539589366,0.8529493454983769,1.0,0.0,0.15,0.05000000000000001,3,1.2376317965968577,0.21428571428571427,7,0.3,1.7623806288314101,0.0,0,4,Misconception Errors
438,10,0.5,1.6,3,36.24026044674396,16.767740336400134,0.484676763592336,1.0,0.05,0.1,-1.2067383328930179e-17,4,0.5798441671479034,0.8,10,0.5,2.2650162779214975,0.0,2,3,Partial Understanding
439,12,0.6,3.0,5,7.609290811397949,2.4741919721313606,0.16040775805987528,1.0,0.65,0.0,0.02499999999999999,1,0.2282787243419385,0.0,7,0.15,0.2536430270465983,0.0,1,2,Guessing Behavior
440,7,0.35,2.3,5,7.084493977466996,2.9556212373964588,0.11149237442918647,1.0,0.5,0.0,-0.10000000000000003,1,0.1629433614817409,0.0,8,0.35,0.30802147728117374,0.0,1,2,Guessing Behavior
441,10,0.5,1.75,3,41.24320814730798,21.698820853671034,0.5197331193497886,1.0,0.0,0.25,-1.2067383328930179e-17,4,0.7217561425778897,0.5,10,0.5,2.356754751274742,0.0,2,3,Partial Understanding
442,15,0.75,3.7,5,7.626491741426351,2.873212091748587,0.1602955014179854,1.0,0.75,0.0,0.025000000000000012,1,0.28218019443277503,0.0,11,0.0,0.20612139841692842,0.0,1,2,Guessing Behavior
443,10,0.5,1.85,3,36.3141592082186,20.07422726905875,0.47813835870225807,1.0,0.0,0.15,-1.2067383328930179e-17,4,0.6718119453520441,0.3,10,0.5,1.962927524768573,0.0,2,3,Partial Understanding
444,10,0.5,1.75,3,36.73128808481933,11.336768199466928,0.5049120999767813,1.0,0.0,0.0,-1.2067383328930179e-17,4,0.6427975414843384,0.5,10,0.5,2.098930747703962,0.0,2,3,Partial Understanding
445,10,0.5,1.65,3,34.4592543546638,13.509430618735022,0.5054164223633483,1.0,0.05,0.05,-1.2067383328930179e-17,4,0.5685776968519527,0.7,10,0.5,2.088439657858412,0.0,2,3,Partial Understanding
446,7,0.35,1.35,2,34.09884410159799,13.974892762361092,0.19999999999999998,1.0,0.0,0.05,0.025000000000000005,1,0.46033439537157295,1.0,7,0.65,2.5258403038220734,0.0,3,0,Procedural Errors
447,12,0.6,2.25,4,30.359947807489153,10.695622362755136,0.8125709666203426,1.0,0.0,0.0,-0.024999999999999994,1,0.6830988256685059,0.25,11,0.4,1.3493310136661845,0.0,0,4,Misconception Errors
448,10,0.5,1.6,3,48.81975897447862,22.77481101545568,0.48759764535821687,1.0,0.0,0.25,-1.2067383328930179e-17,4,0.781116143591658,0.8,10,0.5,3.0512349359049136,0.0,2,3,Partial Understanding
449,11,0.55,1.55,2,40.48559022260278,13.27144792362773,0.2,1.0,0.0,0.1,-0.04999999999999999,1,0.6275266484503431,1.0,8,0.45,2.6119735627485663,0.0,3,0,Procedural Errors
450,10,0.5,1.85,3,47.70348861146118,21.164131620762763,0.48369876161148406,1.0,0.0,0.2,-1.2067383328930179e-17,4,0.8825145393120318,0.3,10,0.5,2.578566951970875,0.0,2,3,Partial Understanding
451,3,0.15,1.15,2,27.38810402086212,8.102828499608764,0.10000000000000002,1.0,0.05,0.0,0.07499999999999997,1,0.31496319623991437,1.0,15,0.85,2.3815742626836625,0.0,4,1,Careless Mistakes
452,10,0.5,1.65,3,39.05589739772473,19.565901325168223,0.5213196737139256,1.0,0.0,0.15,-1.2067383328930179e-17,4,0.644422307062458,0.7,10,0.5,2.3670240847105894,0.0,2,3,Partial Understanding
453,9,0.45,1.45,2,31.20696017463073,12.18444408928704,0.2,1.0,0.0,0.0,-0.07499999999999996,1,0.4525009225321455,1.0,10,0.55,2.152204149974533,0.0,3,0,Procedural Errors
454,11,0.55,1.55,2,42.79456689512427,12.615016091491448,0.2,1.0,0.0,0.1,-0.02500000000000002,2,0.6633157868744262,1.0,9,0.45,2.7609397996854366,0.0,3,0,Procedural Errors
455,18,0.9,2.65,4,40.2272869499379,16.362444785054294,0.8650960796225519,1.0,0.05,0.1,0.05000000000000001,1,1.0660231041733543,0.4444444444444444,15,0.1,1.5180108282995433,0.0,0,4,Misconception Errors
456,6,0.3,1.3,2,23.96918854841699,9.737564126487502,0.09999999999999999,1.0,0.0,0.0,2.7227595936055527e-17,2,0.3115994511294209,1.0,8,0.7,1.8437837344936148,0.0,4,1,Careless Mistakes
457,12,0.6,1.95,4,36.439420544720505,8.82677155683983,0.8296231183618695,1.0,0.0,0.0,-0.07500000000000002,0,0.7105687006220498,0.5833333333333334,11,0.4,1.86868823306259,0.0,0,4,Misconception Errors
458,10,0.5,1.5,2,37.578993417531606,11.50310708922893,0.2,1.0,0.0,0.05,0.10000000000000005,0,0.5636849012629741,1.0,11,0.5,2.5052662278354405,0.0,3,0,Procedural Errors
459,8,0.4,1.4,2,38.264689979110486,13.957466767461408,0.2,1.0,0.0,0.05,-0.07500000000000002,1,0.5357056597075468,1.0,8,0.6,2.7331921413650346,0.0,3,0,Procedural Errors
460,15,0.75,2.15,4,31.38513384493591,12.52581491937102,0.848171434125438,1.0,0.0,0.0,0.024999999999999953,2,0.6747803776661221,0.5333333333333333,9,0.25,1.4597736672063215,0.0,0,4,Misconception Errors
461,17,0.85,2.5,4,33.062713512793195,11.061143306318511,0.8411723297310446,1.0,0.0,0.0,0.049999999999999996,1,0.8265678378198299,0.5882352941176471,13,0.15,1.3225085405117278,0.0,0,4,Misconception Errors
462,8,0.4,1.4,2,34.724348264883005,9.603276226587964,0.2,1.0,0.0,0.0,0.050000000000000024,1,0.48614087570836206,1.0,9,0.6,2.480310590348786,0.0,3,0,Procedural Errors
463,10,0.5,1.8,3,43.99877187443967,17.6496184155003,0.5304339846973178,1.0,0.0,0.25,-1.2067383328930179e-17,4,0.7919778937399141,0.4,10,0.5,2.444376215246648,0.0,2,3,Partial Understanding
464,15,0.75,3.4,5,7.979455531153353,2.8516020048802138,0.15686098511198782,1.0,0.7,0.0,0.10000000000000005,2,0.271301488059214,0.0,11,0.15,0.2346898685633339,0.0,1,2,Guessing Behavior
465,10,0.5,1.8,3,37.7842068365974,23.190290463489582,0.5029119968826832,1.0,0.05,0.15,-1.2067383328930179e-17,4,0.6801157230587532,0.4,10,0.5,2.099122602033189,0.0,2,3,Partial Understanding
466,7,0.35,1.35,2,36.13897159860683,11.873697702593226,0.19999999999999998,1.0,0.0,0.05,0.05000000000000004,1,0.48787611658119223,1.0,9,0.65,2.6769608591560616,0.0,3,0,Procedural Errors
467,17,0.85,3.75,5,8.103219823677184,2.472021308592485,0.19448540624966099,1.0,0.75,0.0,-1.2073083464899128e-17,1,0.30387074338789444,0.0,15,0.1,0.21608586196472493,0.0,1,2,Guessing Behavior
468,14,0.7,3.45,5,8.136396246999745,2.7105295495739603,0.15500521257514796,1.0,0.6,0.0,-0.02499999999999998,0,0.2807056705214912,0.0,10,0.15,0.2358375723768042,0.0,1,2,Guessing Behavior
469,16,0.8,3.5,5,7.851592741138743,3.3132651847513896,0.18142036646905277,1.0,0.65,0.0,0.049999999999999996,3,0.274805745939856,0.0,11,0.1,0.22433122117539267,0.0,1,2,Guessing Behavior
470,10,0.5,1.5,2,40.54674461899166,11.900437147369558,0.2,1.0,0.0,0.05,-0.024999999999999918,2,0.6082011692848749,1.0,6,0.5,2.703116307932777,0.0,3,0,Procedural Errors
471,11,0.55,2.3,4,32.8969648193519,10.790452814853499,0.8445273109321996,1.0,0.0,0.0,0.10000000000000003,1,0.7566301908450938,0.18181818181818182,8,0.45,1.4303028182326913,0.0,0,4,Misconception Errors
472,3,0.15,1.15,2,34.83021453212821,11.43044462957125,0.10000000000000002,1.0,0.0,0.0,-0.025000000000000057,2,0.40054746711947437,1.0,15,0.85,3.0287143071415836,0.0,4,1,Careless Mistakes
473,10,0.5,1.75,3,46.178836278224466,23.12539070403129,0.50309472362331,1.0,0.0,0.25,-1.2067383328930179e-17,4,0.8081296348689281,0.5,10,0.5,2.6387906444699696,0.0,2,3,Partial Understanding
474,16,0.8,3.5,5,6.9380807498059625,3.489199632665738,0.17064728288335096,1.0,0.75,0.0,0.025000000000000026,2,0.24283282624320868,0.0,11,0.1,0.19823087856588464,0.0,1,2,Guessing Behavior
475,15,0.75,3.3,5,6.624653707327719,2.7099861041602367,0.1779366537569391,1.0,0.9,0.0,0.07500000000000001,1,0.21861357234181472,0.0,12,0.05,0.20074708204023392,0.0,1,2,Guessing Behavior
476,5,0.25,1.25,2,26.9006926664539,10.365856206532042,0.1,1.0,0.0,0.0,-0.049999999999999954,0,0.3362586583306737,1.0,14,0.75,2.152055413316312,0.0,4,1,Careless Mistakes
477,10,0.5,1.9,3,37.5735250488105,16.19795937098551,0.450424466107045,1.0,0.05,0.1,-1.2067383328930179e-17,4,0.7138969759273995,0.2,10,0.5,1.9775539499373949,0.0,2,3,Partial Understanding
478,10,0.5,1.85,3,41.97743453073188,19.74051256579332,0.47615220494701677,1.0,0.0,0.2,-1.2067383328930179e-17,4,0.7765825388185398,0.3,10,0.5,2.2690505151746962,0.0,2,3,Partial Understanding
479,13,0.65,1.65,2,36.99525464430715,12.242008545970982,0.20000000000000004,1.0,0.0,0.0,1.743992849845362e-18,0,0.610421701631068,1.0,7,0.35,2.2421366451095244,0.0,3,0,Procedural Errors
480,14,0.7,2.4,4,36.44134948216714,17.469931776298143,0.8108041017298273,1.0,0.05,0.1,0.09999999999999999,0,0.8745923875720113,0.42857142857142855,8,0.3,1.5183895617569643,0.0,0,4,Misconception Errors
481,10,0.5,1.75,3,39.507451921909144,17.598478798711813,0.48742012450926947,1.0,0.0,0.1,-1.2067383328930179e-17,4,0.69138040863341,0.5,10,0.5,2.2575686812519513,0.0,2,3,Partial Understanding
482,16,0.8,3.65,5,8.255226757984584,3.331478260456288,0.17929357043441274,1.0,0.6,0.0,-0.10000000000000005,1,0.30131577666643733,0.0,13,0.1,0.22617059610916668,0.0,1,2,Guessing Behavior
483,17,0.85,3.75,5,8.417343089634992,3.036741855968042,0.13854369905054653,1.0,0.8,0.0,-0.12500000000000003,2,0.3156503658613122,0.0,16,0.05,0.22446248239026645,0.0,1,2,Guessing Behavior
484,12,0.6,2.2,4,36.99426824424951,13.791250418794379,0.7786963435284909,1.0,0.0,0.05,0.12500000000000006,1,0.8138739013734893,0.3333333333333333,12,0.4,1.6815576474658869,0.0,0,4,Misconception Errors
485,12,0.6,2.4,4,37.17959759604993,15.619997506921058,0.8338929311566958,1.0,0.0,0.1,0.07499999999999996,0,0.8923103423051982,0.16666666666666666,11,0.4,1.5491498998354138,0.0,0,4,Misconception Errors
486,15,0.75,3.1,5,6.866406839787854,2.9956372934681204,0.14877076372792766,1.0,0.65,0.0,-0.07500000000000001,1,0.21285861203342346,0.0,11,0.2,0.22149699483186625,0.0,1,2,Guessing Behavior
487,10,0.5,1.75,3,40.24907600958549,16.003655242909304,0.5089136952803617,1.0,0.0,0.1,-1.2067383328930179e-17,4,0.7043588301677459,0.5,10,0.5,2.299947200547742,0.0,2,3,Partial Understanding
488,10,0.5,1.7,3,34.23153271496373,21.688302621922258,0.5066547808779467,1.0,0.05,0.1,-1.2067383328930179e-17,4,0.5819360561543834,0.6,10,0.5,2.0136195714684546,0.0,2,3,Partial Understanding
489,12,0.6,2.95,5,7.990777275632388,2.2548483356843545,0.1946664397793294,1.0,0.6,0.0,0.05000000000000002,1,0.23572792963115546,0.0,8,0.25,0.27087380595364025,0.0,1,2,Guessing Behavior
490,7,0.35,1.35,2,24.608739384797758,8.416326450742167,0.09999999999999999,1.0,0.0,0.0,-1.710939348145702e-17,2,0.33221798169476974,1.0,11,0.65,1.8228695840590932,0.0,4,1,Careless Mistakes
491,13,0.65,3.4,5,7.2701348268868955,3.720388336963898,0.13757518252925885,1.0,0.65,0.0,0.07500000000000002,3,0.24718458411415445,0.0,12,0.1,0.2138274949084381,0.0,1,2,Guessing Behavior
492,13,0.65,2.05,4,37.99569398856286,17.605434813955757,0.8408710641294859,1.0,0.0,0.2,0.024999999999999998,1,0.7789117267655387,0.5384615384615384,8,0.35,1.853448487246969,0.0,0,4,Misconception Errors
493,4,0.2,1.2,2,28.130427331474625,9.276712366606397,0.1,1.0,0.0,0.0,0.02499999999999998,0,0.33756512797769544,1.0,13,0.8,2.3442022776228852,0.0,4,1,Careless Mistakes
494,10,0.5,1.8,3,39.50954011356652,20.718370862188575,0.48742901160634433,1.0,0.0,0.2,-1.2067383328930179e-17,4,0.7111717220441974,0.4,10,0.5,2.194974450753696,0.0,2,3,Partial Understanding
495,16,0.8,3.4,5,10.366504912462597,2.651098725785517,0.12483650696578906,1.0,0.35,0.0,-2.3154485417859998e-17,0,0.3524611670237283,0.0,14,0.05,0.30489720330772346,0.0,1,2,Guessing Behavior
496,1,0.05,1.05,2,28.96191831385167,9.709405996814409,0.1,1.0,0.0,0.0,0.04999999999999994,3,0.3041001422954425,1.0,17,0.95,2.75827793465254,0.0,4,1,Careless Mistakes
497,14,0.7,2.45,4,42.19256531196646,13.109601510490675,0.8396152057798528,1.0,0.0,0.15,-0.15,3,1.0337178501431783,0.35714285714285715,12,0.3,1.7221455229374065,0.0,0,4,Misconception Errors
498,10,0.5,1.85,3,36.180479194939515,16.465764300591417,0.5219311368839031,1.0,0.0,0.1,-1.2067383328930179e-17,4,0.6693388651063811,0.3,10,0.5,1.9557015781048386,0.0,2,3,Partial Understanding
499,14,0.7,3.15,5,7.5122811523620925,2.740851013136761,0.1378121954933123,1.0,0.65,0.0,-0.05,1,0.23663685629940592,0.0,11,0.15,0.23848511594800292,0.0,1,2,Guessing Behavior
500,10,0.5,1.9,3,40.621672410815194,21.23847693628573,0.5248492577746893,1.0,0.0,0.2,-1.2067383328930179e-17,4,0.7718117758054887,0.2,10,0.5,2.1379827584639575,0.0,2,3,Partial Understanding
